fname,fname_std,sex
A  S,MARSHALL,1
AANN,ANNE,2
AANNA,ANNA,2
AARAN,AARON,1
AB,ABRAHAM,1
ABA,ABIGAIL,2
ABAGAIL,ABIGAIL,2
ABAGAL,ABIGAIL,2
ABAGIL,ABIGAIL,2
ABAGILL,ABIGAIL,2
ABB,ABRAHAM,1
ABBA,ABIGAIL,2
ABBE,ABIGAIL,2
ABBEY,ABIGAIL,2
ABBIE,ABIGAIL,2
ABBIGAIL,ABIGAIL,2
ABBIGAL,ABIGAIL,2
ABBY,ABIGAIL,2
ABE,ABRAHAM,1
ABEGAIL,ABIGAIL,2
ABERHAM,ABRAHAM,1
ABERT,ALBERT,1
ABEY,ABIGAIL,2
ABI,ABIGAIL,2
ABIAH,ABIJAH,2
ABIAL,ABIEL,1
ABIE,ABIGAIL,2
ABIGAL,ABIGAIL,2
ABIGALE,ABIGAIL,2
ABIGIAL,ABIGAIL,2
ABIGIL,ABIGAIL,2
ABIGILL,ABIGAL,2
ABLE,ABEL,1
ABM,ABRAHAM,1
ABR,ABRAHAM,1
ABRA,ABRAHAM,1
ABRAH,ABRAHAM,1
ABRAHAN,ABRAHAM,1
ABRAHM,ABRAHAM,1
ABRAM,MARSHALL,1
ABREHAM,ABRAHAM,1
ABRHAM,ABRAHAM,1
ABRIHAM,ABRAHAM,1
ABRM,ABRAHAM,1
ABROM,ABRAM,1
ABRUM,ABRAM,1
ABSALUM,ABSALOM,1
ABSLOM,ABSALOM,1
ABSOLAM,ABSALOM,1
ABSOLEM,ABSALOM,1
ABSOLOM,ABSALOM,1
ABY,ABIGAIL,2
ACHILLE,ACHILLES,1
ADAH,ADA,2
ADALADE,ADELAIDE,2
ADALAID,ADELAIDE,2
ADALAIDE,ADELAIDE,2
ADALBERT,ADELBERT,1
ADALIN,ADELINE,2
ADALINA,ADELINE,2
ADALINE,ADELINE,2
ADAMS,ADAM,1
ADD,ADA,2
ADDALINE,ADELINE,2
ADDAM,ADAM,1
ADDELINE,ADELINE,2
ADDELLA,ADELA,2
ADDIE,ADELAIDE,1
ADDIE,ADELAIDE,2
ADDY,ADELAIDE,2
ADEBERT,ADELBERT,1
ADEL,ADELE,2
ADELADE,ADELAIDE,2
ADELAID,ADELAIDE,2
ADELAIDA,ADELAIDE,2
ADELAINE,ADELINE,2
ADELE,ADELA,2
ADELIN,ADELINE,2
ADELINA,ADELINE,2
ADELL,ADELE,2
ADELLA,ADELA,2
ADELLE,ADELA,2
ADEN,AIDAN,1
ADIE,ADELAIDE,1
ADIE,ADELAIDE,2
ADILADE,ADELAIDE,2
ADILE,ODELIA,2
ADILIA,ODELIA,2
ADILINE,ADELINE,2
ADISON,ADDISON,1
ADLADE,ADELAIDE,2
ADLAID,ADELAIDE,2
ADLAIDE,ADELAIDE,2
ADLINE,ADELINE,2
ADNA,EDNA,2
ADOLF,ADOLPH,1
ADOLFO,ADOLPH,1
ADOLFUS,ADOLPH,1
ADOLINE,ADELINE,2
ADOLP,ADOLPH,1
ADOLPHAS,ADOLPH,1
ADOLPHE,ADOLPH,1
ADOLPHIS,ADOLPH,1
ADOLPHO,ADOLPH,1
ADOLPHUS,ADOLPH,1
ADOLPUS,ADOLPHUS,1
ADOPH,ADOLPH,1
ADRAIN,ADRIAN,1
ADREW,ANDREW,1
ADRIAN,ADRIENNE,2
ADRIANNA,ADRIANA,2
ADRIEN,ADRIAN,1
AFRED,ALFRED,1
AGA,AGATHA,2
AGATA,AGATHA,2
AGATHE,AGATHA,2
AGELINE,ANGELINE,2
AGGIE,AGNES,2
AGNAS,AGNES,2
AGNESE,AGNES,2
AGNESS,AGNES,2
AGNUS,AGNES,2
AGUST,AUGUST,1
AGUSTA,AUGUSTA,2
AGUSTA,AUGUSTUS,1
AGUSTAS,AUGUSTUS,1
AGUSTIA,AUGUSTA,2
AGUSTIN,AUGUSTINE,1
AGUSTINA,AUGUSTINA,2
AGUSTINE,AUGUSTUS,1
AGUSTUS,AUGUSTUS,1
AILCY,ELIZABETH,2
AILSIE,ELIZABETH,2
AIME,AMY,2
AIMIE,AMY,2
AIMY,AMY,2
AL,ALYSSA,2
ALAC,ALEXANDER,1
ALACE,ALICE,2
ALANZO,ALONZO,1
ALAX,ALEXANDER,1
ALAXANDER,ALEXANDER,1
ALBERT,ALBERTA,2
ALBERTENA,ALBERTA,2
ALBERTHA,ALBERTA,2
ALBERTIA,ALBERTA,2
ALBERTIE,ALBERTA,2
ALBERTINA,ALBERTA,2
ALBERTINE,ALBERTA,2
ALBERTIS,ALBERT,1
ALBERTO,ALBERT,1
ALBERTUS,ALBERT,1
ALBET,ALBERT,1
ALBON,ALBION,1
ALBRECHT,ALBERT,1
ALBRT,ALBERT,1
ALBT,ALBERT,1
ALBURT,ALBERT,1
ALBURTIS,ALBERT,1
ALBURTUS,ALBERT,1
ALCEY,ELIZABETH,2
ALCY,ALICE,2
ALEC,ALEXANDER,1
ALECIA,ALICIA,2
ALECK,ALEXANDER,1
ALEK,ALEXANDER,1
ALEN,ALLEN,1
ALENA,MAGDALENA,2
ALENZO,ALONZO,1
ALETHA,ALETHEA,2
ALEX,ALEXANDER,1
ALEXAN,ALEXANDER,1
ALEXAND,ALEXANDER,1
ALEXANDER,ALEXANDRIA,2
ALEXANDERJR,ALEXANDER,1
ALEXANDRE,ALEXANDER,1
ALEXANDREW,ALEXANDER,1
ALEXANDRIA,ALEXANDER,1
ALEXANDRINE,ALEXANDRIA,2
ALEXINE,ALEXINA,2
ALEXR,ALEXANDER,1
ALF,ALFRED,1
ALFA,ALPHA,1
ALFARD,ALFRED,1
ALFERD,ALFRED,1
ALFERED,ALFRED,1
ALFERETTA,ALFREDA,2
ALFERT,ALFRED,1
ALFONS,ALPHONSO,1
ALFONSE,ALPHONSO,1
ALFONZO,ALPHONSO,1
ALFREDO,ALFRED,1
ALFRETTA,ALFREDA,2
ALFRID,ALFRED,1
ALGENON,ALGERNON,1
ALIC,ALEXANDER,1
ALICA,ALICIA,2
ALICK,ALEXANDER,1
ALIE,ALLIE,2
ALIN,ALLEN,1
ALINE,ELAINE,2
ALIS,ALICE,2
ALISE,ALICE,2
ALISON,ALLISON,1
ALIX,ALEXANDRA,2
ALIX,ALEXANDER,1
ALIXANDER,ALEXANDER,1
ALIZA,ELIZABETH,2
ALLACE,ALICE,2
ALLAN,ALLEN,1
ALLECK,ALEXANDER,1
ALLEN,ALAN,1
ALLENA,ELLEN,2
ALLENE,ELAINE,2
ALLES,ALICE,2
ALLEX,ALEXANDER,1
ALLEXANDER,ALEXANDER,1
ALLEY,ALLY,1
ALLICE,ALICE,2
ALLICK,ALEXANDER,1
ALLIE,ALEXANDER,1
ALLIN,ALLEN,1
ALLINE,ALENE,2
ALLIS,ALICE,2
ALLY,ALICE,2
ALMER,ELMER,1
ALMY,ALMA,2
ALMYRA,ALMIRA,2
ALOIS,ALOYSIUS,1
ALONSO,ALONZO,1
ALONZA,ALONZO,1
ALOYS,ALOIS,1
ALOZO,ALONZO,1
ALPH,ALPHONSO,1
ALPHERD,ALFRED,1
ALPHEUS,ALPHAEUS,1
ALPHIUS,ALPHAEUS,1
ALPHONS,ALFONSO,1
ALPHONSE,ALPHONSO,1
ALPHONSUS,ALPHONSO,1
ALPHONZO,ALFONSO,1
ALPHRED,ALFRED,1
ALPHUS,ALPHAEUS,1
ALTHA,ALETHEA,2
ALVAH,ALVA,1
ALVAN,ALVIN,1
ALVEN,ALVIN,1
ALVERTA,ALBERTA,2
ALVINE,ALVINA,2
ALVINIA,ALVINA,2
ALVIRA,ELVIRA,2
ALVY,ALVAH,1
ALWIN,ELWIN,1
ALWINA,ALVINA,2
ALX,ALEXANDER,1
ALXANDER,ALEXANDER,1
AMA,ANNA,2
AMADA,AMANDA,2
AMALIA,AMELIA,2
AMALIE,AMALIA,2
AMANA,AMANDA,2
AMAND,AMANDA,2
AMANDE,AMANDA,2
AMANDIA,AMANDA,2
AMANDY,AMANDA,2
AMANUEL,EMANUEL,1
AMBROISE,AMBROSE,1
AMBROS,AMBROSE,1
AME,AMY,2
AMEALIA,AMELIA,2
AMEIL,EMIL,1
AMEILA,AMELIA,2
AMEILIA,AMELIA,2
AMELA,AMELIA,2
AMELEA,AMELIA,2
AMELIE,EMILY,2
AMELINE,EMMELINE,2
AMELLIA,AMELIA,2
AMEY,AMY,2
AMI,AMY,2
AMIE,AMY,2
AMIEL,EMIL,1
AMIL,EMIL,1
AMILA,AMELIA,2
AMILE,EMIL,1
AMILEA,AMELIA,2
AMILIA,AMELIA,2
AMILIE,EMILY,2
AMIS,AMOS,1
AMLIA,AMELIA,2
AMMANDA,AMANDA,2
AMMELIA,AMELIA,2
AMMI,AMY,1
AMMIE,AMY,2
AMMY,AMY,2
AMORY,EMERY,1
AMOUS,AMOS,1
AMUS,AMOS,1
AN,ANNE,2
ANA,ANNA,2
ANABEL,ANNABEL,2
ANABELL,ANNABEL,2
ANAH,ANNA,2
ANAISE,ANAIS,2
ANASTACIA,ANASTASIA,2
ANASTACIO,ANASTASIO,1
ANASTASIE,ANASTASIA,2
ANASTATIA,ANASTASIA,2
ANCEL,ANSEL,1
ANCIL,ANSEL,1
AND,ANDREW,1
ANDEW,ANDREW,1
ANDEY,ANDREW,1
ANDIE,ANDREW,1
ANDR,ANDREW,1
ANDRA,ANDREA,2
ANDRES,ANDREAS,1
ANDREWS,ANDREW,1
ANDRIAS,ANDREAS,1
ANDROW,ANDREW,1
ANDRU,ANDREW,1
ANDRUE,ANDREW,1
ANDRUS,ANDREAS,1
ANDRW,ANDREW,1
ANDW,ANDREW,1
ANDY,ANDREW,1
ANE,ANNE,2
ANETTA,ANNETTE,2
ANETTE,ANNETTE,2
ANEY,ANNE,2
ANGALINE,ANGELINE,2
ANGE,ANGELA,2
ANGEL,ANGELINE,2
ANGELE,ANGELINE,2
ANGELENA,ANGELINE,2
ANGELIA,ANGELINE,2
ANGELINA,ANGELINE,2
ANGELLA,ANGELINE,2
ANGES,AGNES,2
ANGIE,ANGELA,2
ANGILINE,ANGELINE,2
ANGLINE,ANGELINE,2
ANGNES,AGNES,2
ANGY,ANGELA,2
ANIA,ANNA,2
ANICE,ANAIS,2
ANIE,ANNE,2
ANISE,ANAIS,2
ANJALINE,ANGELINE,2
ANJELINE,ANGELINE,2
ANN,ANNA,2
ANNABELL,ANNABEL,2
ANNABELLA,ANNABEL,2
ANNAH,ANNA,2
ANNANIAS,ANANIAS,1
ANNAS,ANAIS,2
ANNASTASIA,ANASTASIA,2
ANNEE,ANNA,2
ANNELIZA,ANNELIZABETH,2
ANNER,ANNA,2
ANNET,ANNETTE,2
ANNETA,ANNETTE,2
ANNETT,ANNETTE,2
ANNETTA,ANNETTE,2
ANNETTIE,ANNETTE,2
ANNEY,ANNE,2
ANNI,ANNE,2
ANNIA,ANNA,2
ANNIAS,ANANIAS,1
ANNICE,ANAIS,2
ANNIE,ANNE,1
ANNIEFW,ANNA,2
ANNIS,ANAIS,2
ANNISE,ANAIS,2
ANNITAMARY,ANNITA,2
ANNY,ANNE,2
ANORA,HONORA,2
ANT,ANTHONY,1
ANTHANY,ANTHONY,1
ANTHNY,ANTHONY,1
ANTHON,ANTHONY,1
ANTHONEY,ANTHONY,1
ANTIONETTE,ANTOINETTE,2
ANTNEY,ANTHONY,1
ANTNY,ANTHONY,1
ANTO,ANTHONY,1
ANTOIN,ANTHONY,1
ANTOINE,ANTHONY,1
ANTOINETT,ANTOINETTE,2
ANTON,ANTHONY,1
ANTONA,ANTHONY,1
ANTONE,ANTHONY,1
ANTONET,ANTOINETTE,2
ANTONETT,ANTOINETTE,2
ANTONETTE,ANTOINETTE,2
ANTONEY,ANTHONY,1
ANTONI,ANTHONY,1
ANTONIE,ANTHONY,1
ANTONIE,ANTONIA,2
ANTONIETTE,ANTOINETTE,2
ANTONINA,ANTONIA,2
ANTONIO,ANTONIA,2
ANTONY,ANTHONY,1
ANTWINE,ANTHONY,1
ANY,AMY,2
APOLONIA,APPOLONIA,2
AQUILA,AQUILLA,1
ARABEL,ARABELLA,2
ARABELL,ARABELLA,2
ARABELLE,ARABELLA,2
ARAMENTA,ARAMINTA,2
ARAMINDA,ARAMINTA,2
ARAZONA,ARIZONA,2
ARBELL,ARABEL,2
ARBELLA,ARABELLA,2
ARCH,ARCHIBALD,1
ARCHA,ARCHIBALD,1
ARCHABALD,ARCHIBALD,1
ARCHABLE,ARCHIBALD,1
ARCHBALD,ARCHIBALD,1
ARCHD,ARCHIBALD,1
ARCHE,ARCHIBALD,1
ARCHEBALD,ARCHIBLALD,1
ARCHEY,ARCHIBALD,1
ARCHIBAL,ARCHIBALD,1
ARCHIBLE,ARCHBALD,1
ARCHIBOLD,ARCHIBALD,1
ARCHIE,ARCHIBALD,1
ARCHY,ARCHIBALD,1
ARELIA,AURELIA,2
ARIANA,ARIANE,2
ARMANTINE,ARAMINTA,2
ARMENTA,ARAMINTA,2
ARMINA,ARAMINTA,2
ARMINDA,ARAMINTA,2
ARMINTA,ARAMINTA,2
ARMINTHA,ARAMINTA,2
ARMOND,ARMAND,1
ARNE,ARNOLD,1
ARNI,ARNOLD,1
ARNIE,ARNOLD,1
ARNO,ARNOLD,1
ARNT,ERNEST,1
ARON,AARON,1
ARRABELLA,ARABELLA,2
ARRON,AARON,1
ARSULA,URSULA,2
ART,ARTHUR,1
ARTEMESIA,ARTEMISIA,2
ARTEMISE,ARTEMISIA,2
ARTEMISSA,ARTEMISIA,2
ARTEMUS,ARTEMAS,1
ARTER,ARTHUR,1
ARTHAR,ARTHUR,1
ARTHEMISE,ARTEMISIA,2
ARTHER,ARTHUR,1
ARTHOR,ARTHUR,1
ARTIE,ARTHUR,1
ARTIMISSA,ARTEMISIA,2
ARTUR,ARTHUR,1
ARTY,ARTHUR,1
ASBERRY,ASBURY,1
ASBERY,ASBURY,1
ASENETH,ASENATH,2
ASENITH,ASENATH,2
ASH,ASHLEY,1
ASHBURY,MARSHALL,1
ASHLY,ASHLEY,1
ATHONY,ANTHONY,1
ATHUR,ARTHUR,1
ATTIE,ATHENA,2
AUBRY,AUBREY,1
AUG,AUGUSTUS,1
AUG,AUGUSTA,2
AUGEST,AUGUSTUS,1
AUGST,AUGUSTUS,1
AUGT,AUGUSTUS,1
AUGUS,AUGUSTUS,1
AUGUST,AUGUSTUS,1
AUGUST,AUGUSTA,2
AUGUSTA,AUGUSTUS,1
AUGUSTAS,AUGUSTUS,1
AUGUSTE,AUGUSTUS,1
AUGUSTE,AUGUSTA,2
AUGUSTES,AUGUSTUS,1
AUGUSTIA,AUGUSTA,2
AUGUSTIE,AUGUSTA,2
AUGUSTIN,AUGUSTINE,1
AUGUSTINA,AUGUSTA,2
AUGUSTINE,AUGUSTUS,1
AUGUSTINE,AUGUSTA,2
AUGUSTIS,AUGUSTUS,1
AUGUSTUS,AUGUSTA,2
AURELIE,AURELIA,2
AURELLA,AURELIA,2
AURILIA,AURELIA,2
AURILLA,AURELIA,2
AURTHER,ARTHUR,1
AURTHUR,ARTHUR,1
AUSKER,OSCAR,1
AUSTEN,AUSTIN,1
AUSTINM,AUSTIN,2
AUSTON,AUSTIN,1
AUTHUR,AUTHOR,1
AZALIA,AZALEA,2
AZELIA,AZALEA,2
B  A,MARSHALL,1
B  F,MARSHALL,1
BABARA,BARBARA,2
BABETTA,BABETTE,2
BABRA,BARBARA,2
BAILY,BAILEY,1
BALEY,BAILEY,1
BALINDA,BELINDA,2
BALTHASAR,BALTAZAR,1
BANNER,BERNARD,1
BARB,BARBARA,2
BARBA,BARBARA,2
BARBAR,BARBARA,2
BARBARIA,BARBARA,2
BARBARRA,BARBARA,2
BARBARY,BARBARA,2
BARBAY,BARBARA,2
BARBERA,BARBARA,2
BARBERY,BARBARA,2
BARBEY,BARBARA,2
BARBORA,BARBARA,2
BARBRA,BARBARA,2
BARBREY,BARBARA,2
BARBRIA,BARBARA,2
BARBRY,BARBARA,2
BARBY,BARBARA,2
BARNA,BARNABAS,1
BARNABASR,BARNABA,1
BARNABUS,BARNABAS,1
BARNARD,BERNARD,1
BARNHARD,BERNHARD,1
BARNHARDT,BERNHARD,1
BARNHART,BERNHARD,1
BARNIE,BERNARD,1
BARNY,BERNARD,1
BART,BARTHOLOMEW,1
BARTH,BARTHOLOMEW,1
BARTHA,BERTHA,2
BARTHENA,PARTHENIA,2
BARTHOLAMEW,BARTHOLOMEW,1
BARTHOLEMEW,BARTHOLOMEW,1
BARTHOLMEW,BARTHOLOMEW,1
BARTIE,BARTHOLOMEW,1
BARTO,BARTHOLOMEW,1
BASEL,BASIL,1
BASHABA,BATHSHEBA,2
BASHEBA,BATHSHEBA,2
BASTIAN,SEBASTIAN,1
BAZEL,BASIL,1
BAZIL,BASIL,1
BEATRICEM,BEATRICE,2
BEATRIS,BEATRICE,2
BEATTRICE,BEATRICE,2
BEAULAH,BEULAH,2
BECCA,REBECCA,2
BECCY,REBECCA,2
BECK,REBECCA,2
BECKA,REBECCA,2
BECKEY,REBECCA,2
BECKIE,REBECCA,2
BECKY,REBECCA,2
BEDIE,ELIZABETH,2
BEDY,ELIZABETH,2
BEE,BEATRICE,2
BEJAMIN,BENJAMIN,1
BELL,BELLE,2
BELLA,ISABELLA,2
BELLAMARIEC,BELLAMARIE,2
BELLE,ISABELLA,2
BELLIE,BELLE,2
BEN,BENJAMIN,1
BENARD,BERNARD,1
BENEDICK,BENEDICT,1
BENETT,BENNETT,1
BENGAMAN,BENJAMIN,1
BENGAMIN,BENJAMIN,1
BENGAMINE,BENJAMIN,1
BENGEMAN,BENJAMIN,1
BENGIMAN,BENJAMIN,1
BENGMAN,BENJAMIN,1
BENHARD,BERNHARD,1
BENHART,BERNHARD,1
BENIE,BENJAMIN,1
BENITA,BONITA,2
BENJ,BENJAMIN,1
BENJA,BENJAMIN,1
BENJAM,BENJAMIN,1
BENJAMAN,BENJAMIN,1
BENJAMEN,BENJAMIN,1
BENJAMINE,BENJAMIN,1
BENJAMON,BANJAMIN,1
BENJEMAN,BENJAMIN,1
BENJEMIN,BENJAMIN,1
BENJIMAN,BENJAMIN,1
BENJIMEN,BENJAMIN,1
BENJIMIN,BENJAMIN,1
BENJIMINE,BENJAMIN,1
BENJM,BENJAMIN,1
BENJMAN,BENJAMIN,1
BENJMIN,BENJAMIN,1
BENJMINE,BENJAMIN,1
BENJMON,BENJAMIN,1
BENJN,BENJAMIN,1
BENJR,BENJAMIN,1
BENN,BENJAMIN,1
BENNET,BENNETT,1
BENNEY,BENJAMIN,1
BENNIE,BENJAMIN,1
BENNO,BENJAMIN,1
BENNY,BENJAMIN,1
BENT,BENTLEY,1
BENTLY,BENTLEY,1
BENY,BENJAMIN,1
BERDIE,BERTHA,2
BERNADINA,BERNADINE,2
BERNARDINA,BERNADINE,2
BERNARDINEM,BERNARDINE,2
BERNARDO,BERNARD,1
BERNERD,BERNARD,1
BERNHARDT,BERNHARD,1
BERNHART,BERNHARD,1
BERNIE,BERNARD,1
BERNIE,BERNADINE,2
BERNY,BERNARD,1
BERRY,BARRY,1
BERSHEBA,BARSHEBA,2
BERT,ROBERT,1
BERTA,BERTHA,2
BERTE,BERTHA,2
BERTH,BERTHA,2
BERTHE,BERTHA,2
BERTHIA,BERTHA,2
BERTHIE,BERTHA,2
BERTHY,BERTHA,2
BERTIA,ROBERTA,2
BERTIE,ALBERT,1
BERTIE,BERTRUDE,2
BERTINE,BERTHA,2
BERTIS,BERT,1
BERTON,BURTON,1
BERTRAN,BERTRAM,1
BERTRUM,BERTRAM,1
BERTTIE,BERTHA,2
BERTY,BERTHA,2
BERY,BARRY,1
BESIE,ELIZABETH,2
BESS,ELIZABETH,2
BESSA,ELIZABETH,2
BESSE,ELIZABETH,2
BESSEY,ELIZABETH,2
BESSIA,ELIZABETH,2
BESSIE,ELIZABETH,2
BESSY,ELIZABETH,2
BET,ELIZABETH,2
BETA,ELIZABETH,2
BETCY,ELIZABETH,2
BETEY,ELIZABETH,2
BETH,ELIZABETH,2
BETHANA,BETHANY,2
BETIE,ELIZABETH,2
BETSA,ELIZABETH,2
BETSEY,ELIZABETH,2
BETSIE,ELIZABETH,2
BETSY,ELIZABETH,2
BETSYS,ELIZABETH,2
BETTA,ELIZABETH,2
BETTE,ELIZABETH,2
BETTEE,ELIZABETH,2
BETTEY,ELIZABETH,2
BETTIE,ELIZABETH,2
BETTSEY,ELIZABETH,2
BETTSY,ELIZABETH,2
BETTY,ELIZABETH,2
BETY,ELIZABETH,2
BETZY,ELIZABETH,2
BEULA,BEULAH,2
BEVELY,BEVERLY,1
BEVERLEY,BEVERLY,1
BIDDIE,BRIDGET,2
BIDDY,BRIDGET,2
BILL,WILLIAM,1
BILL,WILHELMINA,2
BILLEY,WILLIAM,1
BILLIE,WILLIAM,1
BILLIE,WILHELMINA,2
BILLY,WILLIAM,1
BIRD,BERTHA,2
BIRDIE,ELIZABETH,2
BIRON,BYRON,1
BIRT,BERT,1
BIRTHA,BERTHA,2
BIRTHIE,BERTHA,2
BIRTHY,BERTHA,2
BIRTIE,BERTHA,2
BIRTY,ROBERTA,2
BISMARK,BISMARCK,1
BITTIE,ELIZABETH,2
BLANCE,BLANCHE,2
BLANCH,BLANCHE,2
BLANCHIE,BLANCHE,2
BOB,ROBERT,1
BOBBIE,ROBERT,1
BOBBIE,ROBERTA,2
BOBBY,ROBERT,1
BOLIVER,BOLIVAR,1
BOON,BOONE,1
BRAD,BRADLEY,1
BRDGET,BRIDGET,2
BRIANT,BRYANT,1
BRIDET,BRIDGET,2
BRIDG,BRIDGET,2
BRIDGED,BRIDGET,2
BRIDGETT,BRIDGET,2
BRIDGIT,BRIDGET,2
BRIDGT,BRIDGET,2
BRIDJET,BRIDGET,2
BRIGET,BRIDGET,2
BRIGETT,BRIDGET,2
BRIGGET,BRIDGET,2
BRIGIDA,BRIDGET,2
BRIGIT,BRIDGET,2
BUELA,BEULAH,2
BUELAH,BEULAH,2
BULA,BEULA,2
BULAH,BEULAH,2
BULIA,BEULAH,2
BURNARD,BERNARD,1
BURNICE,BERNICE,2
BURNIE,BERNARD,1
BURT,BERT,1
BURTEN,BURTON,1
BURTHA,BERTHA,2
BURTHY,BERTHA,2
BURTIE,ROBERT,1
BURTIE,BERTHA,2
BURTY,ROBERT,1
BYRAM,BYRON,1
C  P,MARSHALL,1
CADY,CATHERINE,2
CAL,CALVIN,1
CAL,CALISTA,2
CALAB,CALEB,1
CALADONA,CALEDONIA,2
CALADONIA,CALEDONIA,2
CALAFORNIA,CALIFORNIA,2
CALDONA,CALEDONIA,2
CALDONIA,CALEDONIA,2
CALIB,CALEB,1
CALIDONIA,CALEDONIA,2
CALIP,CALIB,1
CALISTA,CALLISTA,2
CALL,CALVIN,1
CALLIE,CAROLINE,2
CALLIE,CALVIN,1
CALLY,CAROLINE,2
CALLY,CALVIN,1
CALOB,CALEB,1
CALUP,CALEB,1
CALVAN,CALVIN,1
CALVEN,CALVIN,1
CALY,CALISTA,2
CAM,CAMERON,1
CAMELIA,CAMILLA,2
CAMI,CAMILLE,2
CAMIE,CAMILLE,2
CAMILA,CAMILLA,2
CAMILE,CAMILLA,1
CAMILE,CAMILLA,2
CAMILIA,CAMILLA,2
CAMILLE,CAMILLA,2
CAMMIE,CAMILLE,2
CANDACY,CANDACE,2
CANDAS,CANDACE,2
CANDES,CANDICE,2
CANDICE,CANDACE,2
CANDIS,CANDACE,2
CANDUS,CANDACE,2
CANDY,CANDACE,2
CANELIA,CAMELIA,2
CAPTJOHN,JOHN,1
CAPTOLA,CAPITOLA,2
CARA,CAROLINE,2
CARAH,CAROLINE,2
CARALINE,CAROLINE,2
CARDELIA,CORDELIA,2
CAREL,CARROLL,1
CARELINE,CAROLINE,2
CAREY,CAROLINE,2
CARIE,CAROLINE,2
CARILINE,CAROLINE,2
CARINA,CORINNA,2
CARINE,CORINNE,2
CARL,CHARLES,1
CARLE,CHARLES,1
CARLES,CHARLES,1
CARLEY,CHARLES,1
CARLIE,CHARLES,1
CARLIE,CARLA,2
CARLINE,CAROLINE,2
CARLOS,CHARLES,1
CARLOTA,CHARLOTTE,2
CARLOTTA,CHARLOTTE,2
CARLOTTE,CHARLOTTE,2
CARLY,CHARLES,1
CARMELIA,CARMELLA,2
CARNELIUS,CORNELIUS,1
CARO,CAROLINE,2
CAROL,CARROLL,1
CAROL,CAROLINE,2
CAROLENE,CAROLINE,2
CAROLIN,CAROLINE,2
CAROLL,CARROLL,1
CAROLYN,CAROLINE,2
CARRA,CAROLINE,2
CARRE,CAROLINE,2
CARREY,CARRIE,2
CARRI,CAROLINE,2
CARRIE,CAROLINE,2
CARRIE,CAREY,1
CARROL,CARROLL,1
CARROLINE,CAROLINE,2
CARRY,CAREY,1
CARRY,CAROLINE,2
CARY,CAROLINE,2
CAS,CASSIUS,1
CASANDA,CASSANDRA,2
CASANDER,CASSANDRA,2
CASANDRA,CASSANDRA,2
CASHUS,CASSIUS,1
CASIE,CASSANDRA,2
CASIUS,CASSIUS,1
CASPAR,CASPER,1
CASS,CASSANDRA,2
CASS,CASSIUS,1
CASSA,CASSANDRA,2
CASSANDA,CASSANDRA,2
CASSANDER,CASSANDRA,2
CASSEY,CASSANDRA,2
CASSIA,CASSANDRA,2
CASSIE,CASSANDRA,2
CASSIE,CASSIUS,1
CASSUS,CASSIUS,1
CASSY,CASSANDRA,2
CATA,CATHERINE,2
CATARINA,CATHERINE,2
CATARINE,CATHERINE,2
CATE,CATHERINE,2
CATERINA,CATHERINE,2
CATERINE,CATHERINE,2
CATEY,CATHERINE,2
CATH,CATHERINE,2
CATHA,CATHARINE,2
CATHAINE,CATHERINE,2
CATHAR,CATHERINE,2
CATHARAN,CATHERINE,2
CATHAREN,CATHERINE,2
CATHARENE,CATHERINE,2
CATHARIN,CATHERINE,2
CATHARINA,CATHERINE,2
CATHARINE,CATHERINE,2
CATHARN,CATHARINE,2
CATHARNE,CATHERINE,2
CATHE,CATHERINE,2
CATHER,CATHERINE,2
CATHERAN,CATHERINE,2
CATHEREN,KATHARINE,2
CATHERENA,CATHERINA,2
CATHERENE,CATHERINE,2
CATHERIN,CATHERINE,2
CATHERINA,CATHERINE,2
CATHERN,CATHERINE,2
CATHERNE,CATHERINE,2
CATHERON,CATHERINE,2
CATHIE,CATHERINE,2
CATHINE,CATHERINE,2
CATHIRINE,CATHERINE,2
CATHIRNE,CATHERINE,2
CATHN,CATHERINE,2
CATHORIN,CATHERINE,2
CATHORINE,CATHERINE,2
CATHR,CATHERINE,2
CATHRAN,CATHERINE,2
CATHREN,CATHERINE,2
CATHRENA,CATHERINE,2
CATHRENE,CATHERINE,2
CATHRIAN,CATHERINE,2
CATHRIEN,CATHERINE,2
CATHRIN,CATHERINE,2
CATHRINA,CATHERINE,2
CATHRINE,CATHERINE,2
CATHRON,CATHERINE,2
CATHY,CATHERINE,2
CATIE,CATHERINE,2
CATRIN,CATHERINE,2
CATRINA,CATHERINE,2
CATRINE,CATHERINE,2
CATTIE,CATHERINE,2
CATTY,CATHERINE,2
CATY,CATHERINE,2
CEALIA,CECELIA,2
CEALY,CELIA,2
CEASAR,CAESAR,1
CEASER,CAESAR,1
CEASOR,CAESAR,1
CECELIA,CECILIA,2
CECIL,CECILIA,2
CECILA,CECILIA,2
CECILE,CECILIA,2
CECILLIA,CECILIA,2
CECILY,CECILIA,2
CECLIA,CECILIA,2
CEILEY,CECILIA,2
CEILIA,CECELIA,2
CEILY,CECILIA,2
CELA,CECILIA,2
CELENA,CELINA,2
CELEST,CELESTE,2
CELESTA,CELESTE,2
CELESTIA,CELESTE,2
CELESTIAL,CELESTE,2
CELESTIN,CELESTE,2
CELEY,CECILIA,2
CELIA,CECILIA,2
CELIE,CECILIA,2
CELISTA,CALLISTA,2
CELLA,CELIA,2
CELLIA,CELIA,2
CELY,CECILIA,2
CEMANTHA,SAMANTHA,2
CEPHUS,CEPHAS,1
CERENA,SERENA,2
CERILDA,SARILDA,2
CESAR,CAESAR,1
CESARIO,CAESAR,1
CEZAR,CAESAR,1
CH,CHARLES,1
CHA,CHARLES,1
CHALES,CHARLES,1
CHALIE,CHARLES,1
CHALOTTE,CHARLOTTE,2
CHALS,CHARLES,1
CHANCE,CHAUNCEY,1
CHANCEY,CHAUNCEY,1
CHANCY,CHAUNCEY,1
CHANCY,CHAUNCEY,2
CHANFAN,CHAN,1
CHANNCY,CHAUNCEY,1
CHANY,CHANEY,2
CHAR,CHARLES,1
CHARELS,CHARLES,1
CHARES,CHARLES,1
CHARETY,CHARITY,2
CHARL,CHARLES,1
CHARLE,CHARLES,1
CHARLESS,CHARLES,1
CHARLET,CHARLOTTE,2
CHARLETT,CHARLOTTE,2
CHARLETTE,CHARLOTTE,2
CHARLEY,CHARLES,1
CHARLEY,CHARLOTTE,2
CHARLIE,CHARLES,1
CHARLIE,CHARLOTTE,2
CHARLIS,CHARLES,1
CHARLLOTTE,CHARLOTTE,2
CHARLOOTE,CHARLOTTE,2
CHARLOT,CHARLOTTE,2
CHARLOTA,CHARLOTTE,2
CHARLOTE,CHARLOTTE,2
CHARLOTT,CHARLOTTE,2
CHARLOTTA,CHARLOTTE,2
CHARLOTTEE,CHARLOTTE,2
CHARLOTTIE,CHARLOTTE,2
CHARLOTTY,CHARLOTTE,2
CHARLS,CHARLES,1
CHARLY,CHARLES,1
CHAROLETTE,CHARLOTTE,2
CHAROLOTTE,CHARLOTTE,2
CHARRITY,CHARITY,2
CHARS,CHARLES,1
CHARTY,CHARITY,2
CHAS,CHARLES,1
CHAT,CHARLES,1
CHATARINA,CATHERINE,2
CHATHARINE,CATHERINE,2
CHATHERINE,CATHERINE,2
CHATHRINE,CATHERINE,2
CHATRINE,CATHERINE,2
CHATTIE,CHARLOTTE,2
CHAUNCY,CHAUNCEY,1
CHES,CHESTER,1
CHESS,CHESTER,1
CHINLEN,CHIN,1
CHISTINA,CHRISTINA,2
CHISTOPHER,CHRISTOPHER,1
CHLORA,CLARA,2
CHLS,CHARLES,1
CHORLOTTE,CHARLOTTE,2
CHR,CHARLES,1
CHRIS,CHRISTOPHER,1
CHRIS,CHRISTINE,2
CHRISS,CHRISTOPHER,1
CHRISSIE,CHRISTINE,2
CHRIST,CHRISTOPHER,1
CHRIST,CHRISTINE,2
CHRISTA,CHRISTINE,2
CHRISTAIN,CHRISTIAN,1
CHRISTAN,CHRISTINE,2
CHRISTANA,CHRISTINE,2
CHRISTANIA,CHRISTINE,2
CHRISTANNA,CHRISTINE,2
CHRISTE,CHRISTINE,2
CHRISTEAN,CHRISTIAN,1
CHRISTEANA,CHRISTINE,2
CHRISTEEN,CHRISTINE,2
CHRISTEENA,CHRISTINA,2
CHRISTEN,CHRISTIAN,1
CHRISTENA,CHRISTINA,2
CHRISTENE,CHRISTINE,2
CHRISTENIA,CHRISTINE,2
CHRISTI,CHRISTINE,2
CHRISTIANA,CHRISTINE,2
CHRISTIANE,CHRISTINE,2
CHRISTIANIA,CHRISTINE,2
CHRISTIANN,CHRISTINE,2
CHRISTIANNA,CHRISTINE,2
CHRISTIE,CHRISTOPHER,1
CHRISTIENA,CHRISTINE,2
CHRISTIFER,CHRISTOPHER,1
CHRISTIN,CHRISTOPHER,1
CHRISTINA,CHRISTIAN,1
CHRISTINA,CHRISTINE,2
CHRISTINIA,CHRISTINE,2
CHRISTINNA,CHRISTINE,2
CHRISTION,CHRISTIAN,1
CHRISTN,CHRISTIAN,1
CHRISTNA,CHRISTINE,2
CHRISTOF,CHRISTOPHER,1
CHRISTOFER,CHRISTOPHER,1
CHRISTOFF,CHRISTOPHER,1
CHRISTOFFER,CHRISTOPHER,1
CHRISTON,CHRISTIAN,1
CHRISTOPER,CHRISTOPHER,1
CHRISTOPH,CHRISTOPHER,1
CHRISTOPHE,CHRISTOPHER,1
CHRISTPHER,CHRISTOPHER,1
CHRISTY,CHRISTOPHER,1
CHRLES,CHARLES,1
CHS,CHARLES,1
CHUCK,CHARLES,1
CICELIA,CECILIA,2
CICELY,CECILIA,2
CICILIA,CECILIA,2
CICILY,CECELIA,2
CIDNEY,SIDNEY,1
CILIA,CELIA,2
CILLA,PRISCILLA,2
CINDA,CYNTHIA,2
CINDARILLA,CINDERELLA,2
CINDERILLA,CINDERELLA,2
CINDY,CYNTHIA,2
CINTHA,CYNTHIA,2
CINTHIA,CYNTHIA,2
CINTHY,CYNTHIA,2
CIRUS,SIRUS,1
CISERO,CICERO,1
CLABE,CLAIBORNE,1
CLABORN,CLAIBORNE,1
CLABORNE,CLAIBORNE,1
CLAIBORN,CLAIBORNE,1
CLAIR,CLAIRE,2
CLAIRA,CLARA,2
CLAR,CLAIRE,2
CLARABELL,CLARIBEL,2
CLARACY,CLARISSA,2
CLARAH,CLARA,2
CLARANC,CLARENCE,1
CLARANCE,CLARENCE,1
CLARASA,CLARISSA,2
CLARASY,CLARISSA,2
CLARCY,CLARISSA,2
CLARE,CLAIRE,1
CLARE,CLAIRE,2
CLARECY,CLARISSA,2
CLARENC,CLARENCE,1
CLARENDA,CLARINDA,2
CLARESSA,CLARISSA,2
CLAREY,CLARISSA,2
CLARIA,CLARA,2
CLARICA,CLARISSA,2
CLARICE,CLARISSA,2
CLARICY,CLARISSA,2
CLARIE,CLAIRE,2
CLARINCE,CLARENCE,1
CLARIS,CLARISSA,2
CLARISA,CLARISSA,2
CLARISE,CLARISSA,2
CLARISEY,CLARISSA,2
CLARISSE,CLARISSA,2
CLARISSY,CLARISSA,2
CLARISY,CLARISSA,2
CLARNCE,CLARENCE,1
CLARRA,CLARA,2
CLARRAH,CLARA,2
CLARRANCE,CLARENCE,1
CLARRENCE,CLARENCE,1
CLARRIE,CLARISSA,2
CLARRINDA,CLARINDA,2
CLARRISA,CLARISSA,2
CLARRISSA,CLARISSA,2
CLARRY,CLARA,2
CLARY,CLAIRE,2
CLATON,CLAYTON,1
CLAUD,CLAUDE,1
CLAUD,CLAUDIA,2
CLAUDA,CLAUDE,1
CLAUDE,CLAUDIA,2
CLAUDIAFW,CLAUDIA,2
CLAUDIE,CLAUDIA,2
CLAUDIE,CLAUDE,1
CLAUDUS,CLAUDE,1
CLAUDY,CLAUDE,1
CLAUDY,CLAUDIA,2
CLAUS,KLAUS,1
CLAUSE,KLAUS,1
CLAYBORN,CLAIBORNE,1
CLAYBORNE,CLAIBORNE,1
CLAYBURN,CLAIBORNE,1
CLEM,CLEMENT,1
CLEM,CLEMENTINE,2
CLEMANT,CLEMENT,1
CLEMANTINE,CLEMENTINE,2
CLEMENCE,CLEMENT,1
CLEMENCE,CLEMENTINE,2
CLEMENTE,CLEMENT,1
CLEMENTINA,CLEMENTINE,2
CLEMENTS,CLEMENT,1
CLEMIE,CLEMENTINE,2
CLEMINTINE,CLEMENTINE,2
CLEMMA,CLEMENTINE,2
CLEMMENT,CLEMENT,1
CLEMMIE,CLEMENTINE,2
CLEMMY,CLEMENTINE,2
CLEMONT,CLEMENT,1
CLEMY,CLEMENTINE,2
CLEO,CLEOPATRA,2
CLERINDA,CLARINDA,2
CLIDE,CLYDE,1
CLIFF,CLIFFORD,1
CLIFORD,CLIFFORD,1
CLINT,CLINTON,1
CLINTEN,CLINTON,1
CLISTA,CALISTA,2
CLOA,CHLOE,2
CLOE,CHLOE,2
CLOEY,CHLOE,2
CLOIE,CHLOE,2
CLORINDA,CLARINDA,2
CLORY,CLARINDA,2
CLOYD,CLYDE,1
CLYDIEFW,CLYDIE,2
CODELIA,CORDELIA,2
COLISTA,CALISTA,2
COLLIE,CALLISTA,2
COLLIN,COLIN,1
COLLINS,COLIN,1
COLLUMBUS,COLUMBUS,1
COLMAN,COLEMAN,1
COLOMBUS,COLUMBUS,1
COLUMBA,COLUMBIA,2
COLVIN,CALVIN,1
COMELIA,CAMELIA,2
COMMADORE,COMMODORE,1
COMODORE,COMMODORE,1
CON,CONNOR,1
CONARD,CONRAD,1
CONELIA,CORNELIA,2
CONELIUS,CORNELIUS,1
CONIE,CONSTANCE,2
CONNIE,CONSTANCE,2
CONROD,CONRAD,1
CONSTANT,CONSTANTINE,1
CONSTANTINE,CONSTANCE,2
COONRAD,CONRAD,1
COONROD,CONRAD,1
CORAH,CORA,2
CORDA,CORDELIA,2
CORDELA,CORDELIA,2
CORDELLA,CORDELIA,2
CORDIA,CORDELIA,2
CORDIE,CORDELIA,2
CORDILIA,CORDELIA,2
CORDILLA,CORDELIA,2
CORDY,CORDELIA,2
CORENA,CORINNA,2
CORENE,CORINNE,2
CORIE,CORA,2
CORINA,CORINNA,2
CORINDA,CLARINDA,2
CORINE,CORINNE,2
CORINNE,CORINE,2
CORINTHA,CORINTHIA,2
CORNEALIA,CORNELIA,2
CORNEALUS,CORNELIUS,1
CORNEILIA,CORNELIA,2
CORNEILIUS,CORNELIUS,1
CORNEILUS,CORNELIUS,1
CORNELA,CORNELIA,2
CORNELAS,CORNELIUS,1
CORNELEUS,CORNELIUS,1
CORNELIAS,CORNELIUS,1
CORNELIE,CORNELIA,2
CORNELIOUS,CORNELIUS,1
CORNELIS,CORNELIUS,1
CORNELIUS,CORNELIA,2
CORNELLIA,CORNELIA,2
CORNELOUS,CORNELIUS,1
CORNELUIS,CORNELIUS,1
CORNELUS,CORNELIUS,1
CORNIE,CORNELIA,2
CORNIELUS,CORNELIUS,1
CORNILIA,CORNELIA,2
CORNILIUS,CORNELIUS,1
COROLINE,CAROLINE,2
CORRA,CORA,2
CORRIE,CORA,2
CORRINE,CORINNE,2
CORRINNA,CORINNA,2
CORRINNE,CORINNE,2
CORRY,COREY,1
CORRY,CORA,2
CORY,COREY,1
CORY,CORA,2
CRATON,CREIGHTON,1
CRETIA,LUCRETIA,2
CRIS,CHRISTOPHER,1
CRISS,CHRISTOPHER,1
CRISSA,CHRISTINA,2
CRISSIE,CHRISTINE,2
CRISSY,CHRISTINE,2
CRIST,CHRISTOPHER,1
CRISTENA,CHRISTINA,2
CRISTENIA,CHRISTINA,2
CRISTIAN,CHRISTIAN,1
CRISTIANA,CHRISTINA,2
CRISTIE,CHRISTINE,2
CRISTINA,CHRISTINA,2
CRISTINE,CHRISTINE,2
CRISTOPHER,CHRISTOPHER,1
CRIT,CRITTENDEN,1
CROFFORD,CRAWFORD,1
CUDJR,CUD,1
CURT,CURTIS,1
CURTICE,CURTIS,1
CURTISS,CURTIS,1
CURTUS,CURTIS,1
CYNTHA,CYNTHIA,2
CYNTHIE,CYNTHIA,2
CYNTHY,CYNTHIA,2
CYRAS,CYRUS,1
CYRENA,SERENA,2
CYRILLE,CYRIL,1
DAIEL,DANIEL,1
DAISEY,DAISY,2
DAISIE,DAISY,2
DAISY,MARGARET,2
DAIZY,DAISY,2
DALAS,DALLAS,1
DALIA,DAHLIA,2
DALLIS,DALLAS,1
DAN,DANIEL,1
DANEL,DANIEL,1
DANIAL,DANIEL,1
DANIE,DANIEL,1
DANIEL,DANIELLE,2
DANIELL,DANIEL,1
DANIL,DANIEL,1
DANL,DANIEL,1
DANN,DANIEL,1
DANNEL,DANIEL,1
DANNIE,DANIEL,1
DANNIEL,DANIEL,1
DANNIL,DANIEL,1
DANNY,DANIEL,1
DANUEL,DANIEL,1
DAPHNEY,DAPHNE,2
DARCAS,DORCAS,2
DARCUS,DORCAS,2
DARIAS,DARIUS,1
DASEY,DAISY,2
DASIE,DAISY,2
DASY,DAISY,2
DAV,DAVID,1
DAVE,DAVID,1
DAVED,DAVID,1
DAVEY,DAVID,1
DAVIDH,DAVID,1
DAVIE,DAVID,1
DAVIED,DAVID,1
DAVIES,DAVID,1
DAVY,DAVID,1
DAZIE,DAISY,2
DAZY,DAISY,2
DEALIA,DELIA,2
DEBBIE,DEBORAH,2
DEBBY,DEBORAH,2
DEBORA,DEBORAH,2
DEBRA,DEBORAH,2
DEBRAH,DEBORAH,2
DEBY,DEBORAH,2
DECATER,DECATUR,1
DECATOR,DECATUR,1
DEDERICK,DIETRICH,1
DEDRICK,DIETRICH,1
DEIDRICH,DIETRICH,1
DELEA,DELIA,2
DELFINA,DELPHINA,2
DELIE,DELIA,2
DELILA,DELILAH,2
DELILIA,DELILAH,2
DELLIA,DELIA,2
DELLIE,DELIA,2
DELORES,DOLORES,2
DELPHA,DELPHINA,2
DELPHENE,DELPHINA,2
DELPHINE,DELPHINA,2
DELY,DELIA,2
DEMPS,DEMPSEY,1
DENIS,DENNIS,1
DENNES,DENNIS,1
DENNIE,DENNIS,1
DENNIE,DENISE,2
DENNY,DENNIS,1
DERIAS,DARIUS,1
DERICK,DEREK,1
DERIUS,DARIUS,1
DERK,DEREK,1
DESIRE,DESIREE,2
DETRICK,DIETRICH,1
DEWIGHT,DWIGHT,1
DEWIT,DEWITT,1
DIANAH,DIANNA,2
DIANNA,DIANA,2
DIANNAH,DIANA,2
DIANTHA,DIANA,2
DICEY,DIXIE,2
DICK,RICHARD,1
DICKEY,RICHARD,1
DICY,DICIE,2
DIEDRICH,DIETRICH,1
DIEDRICK,DIETRICH,1
DIENA,DIANA,2
DILCY,DULCINA,2
DILIA,DELIA,2
DINA,DINAH,2
DINNA,DINAH,2
DINNIS,DENNIS,1
DISY,DAISY,2
DN,MARSHALL,1
DOCK,MARSHALL,1
DOLLEY,DOLLY,2
DOLLIE,DOROTHY,2
DOLLY,DOROTHY,2
DOLPHUS,ADOLPH,1
DOM,DOMINIC,1
DOMENICK,DOMINIC,1
DOMINICK,DOMINIC,1
DOMNICK,DOMINIC,1
DON,DONALD,1
DONA,DONNA,2
DONNIE,DONALD,1
DORA,DOROTHY,1
DORA,DOROTHY,2
DORAH,DOROTHY,2
DORATHA,DOROTHY,2
DORATHEA,DOROTHY,2
DORATHY,DOROTHY,2
DORCUS,DORCAS,2
DORES,DORIS,2
DORETHA,DOROTHY,2
DORETHEA,DOROTHY,2
DORETTA,DOROTHY,2
DORIA,DOROTHY,2
DORIE,DOROTHY,2
DORITHA,DOROTHY,2
DOROTEA,DOROTHY,2
DOROTHA,DOROTHY,2
DOROTHE,DOROTHY,2
DOROTHEA,DOROTHY,2
DORRA,DOROTHY,2
DORTHA,DOROTHY,2
DORTHEA,DOROTHY,2
DORTHULA,DOROTHY,2
DORTHY,DOROTHY,2
DORY,DOROTHY,2
DOSIA,THEODOSIA,2
DOT,DOROTHY,2
DOTTIE,DOROTHY,2
DOUGLASS,DOUGLAS,1
DREWRY,DRURY,1
DRJACK,JACK,2
DRUCELLA,DRUSILLA,2
DRUCILLA,DRUSILLA,2
DRUE,DREW,1
DRUSELLA,DRUSILLA,2
DRUSILA,DRUSCILLA,2
DRUZILLA,DRUSCILLA,2
DUDLY,DUDLEY,1
DUG,DOUGLAS,1
DUGLAS,DOUGLAS,1
DUGLASS,DOUGLAS,1
DULCENA,DULCINA,2
DULCENIA,DULCINA,2
DURAC,DURA,1
EADETH,EDITH,2
EADIE,EDITH,2
EADITH,EDITH,2
EADY,EDITH,2
EARLE,EARL,1
EARNEST,ERNEST,1
EARNESTINE,ERNESTINE,2
EARNIST,ERNEST,1
EARNST,EARNEST,1
EASTHER,ESTHER,2
EATHAN,ETHAN,1
EAVE,EVELYN,2
EBBY,EBENEZER,1
EBENEEZER,EBENEZER,1
EBENEZAR,EBENEZER,1
EBINEZER,EBENEZER,1
ED,EDWARD,1
EDATH,EDITH,2
EDD,EDWARD,1
EDDE,EDWARD,1
EDDEY,EDWARD,1
EDDIE,EDWARD,1
EDDIE,EDITH,2
EDDITH,EDITH,2
EDDWARD,EDWARD,1
EDDY,EDWARD,1
EDETH,EDITH,2
EDGAR,MARSHALL,1
EDGARD,EDGAR,1
EDGER,EDGAR,1
EDIE,EDITH,2
EDIE,EDWARD,1
EDIETH,EDITH,2
EDITHA,EDITH,2
EDMAN,EDMUND,1
EDMAND,EDMUND,1
EDMON,EDMOND,1
EDMOND,EDMUND,1
EDMUN,EDMUND,1
EDNAH,EDNA,2
EDNER,EDNA,2
EDNEY,EDNA,1
EDNEY,EDNA,2
EDNIE,EDNA,2
EDNY,EDNA,2
EDOUARD,EDWARD,1
EDUARD,EDWARD,1
EDUWARD,EDWARD,1
EDVARD,EDWARD,1
EDW,EDWARD,1
EDWAD,EDWARD,1
EDWAN,EDWIN,1
EDWAR,EDWARD,1
EDWARDO,EDWARD,1
EDWARDS,EDWARD,1
EDWART,EDWARD,1
EDWD,EDWARD,1
EDWERD,EDWARD,1
EDWORD,EDWARD,1
EDWRD,EDWARD,1
EDY,EDITH,2
EFFA,EUPHEMIA,2
EFFEE,EFFIE,2
EFFIA,EUPHEMIA,2
EFFIE,EUPHEMIA,2
EFFY,EUPHEMIA,2
EGAR,EDGAR,1
EIZA,ELIZABETH,2
EIZABETH,ELIZABETH,2
ELA,ELLA,2
ELAN,ELLEN,2
ELANOR,ELEANOR,2
ELANORA,ELEANORA,2
ELAXANDER,ALEXANDER,1
ELBERTA,ALBERTA,2
ELBRIDGE,ELDRIDGE,1
ELCIE,ELSIE,2
ELCY,ELIZABETH,2
ELEANER,ELEANOR,2
ELEANORA,ELEANOR,2
ELEANORE,ELEANOR,2
ELEAZER,ELEAZAR,1
ELEC,ALEXANDER,1
ELEN,ELLEN,2
ELENER,ELEANOR,2
ELENOR,ELEANOR,2
ELENORA,ELEANOR,2
ELENORE,ELEANOR,2
ELEONOR,ELEANOR,2
ELEONORA,ELEANORA,2
ELEONORE,ELEANOR,2
ELESABETH,ELIZABETH,2
ELESEBETH,ELIZABETH,2
ELESIBETH,ELIZABETH,2
ELETHA,ALETHEA,2
ELEX,ALEXANDER,1
ELEXANDER,ALEXANDER,1
ELEY,ELEANOR,2
ELEZA,ELIZABETH,2
ELEZABETH,ELIZABETH,2
ELEZEBETH,ELIZABETH,2
ELEZIBETH,ELIZABETH,2
ELIA,ELIJAH,1
ELIABETH,ELISABETH,2
ELIAH,ELIJAH,1
ELIBETH,ELIZABETH,2
ELICIA,ALICIA,2
ELIE,ELIJAH,1
ELIE,ELLIE,2
ELIESABETH,ELIZABETH,2
ELIESE,ELIZABETH,2
ELIGA,ELIJAH,1
ELIGAH,ELIJAH,1
ELIGHA,ELIJAH,1
ELIGIA,ELIJAH,1
ELIHA,ELIJAH,1
ELIHUE,ELIHU,1
ELIJA,ELIJAH,1
ELIJA,ELIJAH,2
ELIN,ELLEN,2
ELINA,ELENA,2
ELINE,ELLEN,2
ELINOR,ELEANOR,2
ELINORA,ELEANORA,2
ELINORE,ELEANOR,2
ELIOT,ELLIOT,1
ELIOTT,ELLIOT,1
ELIPHALET,ELIPHELET,1
ELIS,ELIZABETH,2
ELISA,ELIZABETH,2
ELISAB,ELIZABETH,2
ELISABATH,ELIZABETH,2
ELISABET,ELIZABETH,2
ELISABETH,ELIZABETH,2
ELISABETHA,ELIZABETH,2
ELISABETT,ELIZABETH,2
ELISABITH,ELIZABETH,2
ELISAH,ALICIA,1
ELISBETH,ELIZABETH,2
ELISE,ELIZABETH,2
ELISEBATH,ELIZABETH,2
ELISEBETH,ELIZABETH,2
ELISEBTH,ELIZABETH,2
ELISH,ALICIA,1
ELISHA,ALICIA,2
ELISHIA,ALICIA,1
ELISIBETH,ELIZABETH,2
ELISIE,ELIZABETH,2
ELISSA,ELIZABETH,2
ELISSABETH,ELIZABETH,2
ELITHA,ALETHEA,2
ELITHABETH,ELIZABETH,2
ELITHEBETH,ELIZABETH,2
ELIZ,ELIZABETH,2
ELIZA,ELIZABETH,2
ELIZAB,ELIZABETH,2
ELIZABATH,ELIZABETH,2
ELIZABEATH,ELIZABETH,2
ELIZABET,ELIZABETH,2
ELIZABETHA,ELIZABETH,2
ELIZABETT,ELIZABETH,2
ELIZABETTE,ELIZABETH,2
ELIZABITH,ELIZABETH,2
ELIZABOTH,ELIZABETH,2
ELIZABTH,ELIZABETH,2
ELIZABUTH,ELIZABETH,2
ELIZAH,ELIZABETH,2
ELIZAR,ELEAZAR,2
ELIZATH,ELIZABETH,2
ELIZBATH,ELIZABETH,2
ELIZBETH,ELIZABETH,2
ELIZBTH,ELIZABETH,2
ELIZE,ELIZABETH,2
ELIZEABETH,ELIZABETH,2
ELIZEBATH,ELIZABETH,2
ELIZEBEATH,ELIZABETH,2
ELIZEBETH,ELIZABETH,2
ELIZEBITH,ELIZABETH,2
ELIZEBTH,ELIZABETH,2
ELIZER,ELIZABETH,2
ELIZH,ELIZABETH,2
ELIZIA,ELIZABETH,2
ELIZIBATH,ELIZABETH,2
ELIZIBETH,ELIZABETH,2
ELIZIE,ELIZABETH,2
ELIZOBETH,ELIZABETH,2
ELIZTH,ELIZABETH,2
ELIZZA,ELIZABETH,2
ELIZZABETH,ELIZABETH,2
ELIZZIE,ELIZABETH,2
ELKANA,ELKANAH,1
ELLAFW,ELLA,2
ELLAH,ELLEN,2
ELLAN,ELLEN,2
ELLANOR,ELEANOR,2
ELLANORA,ELEANORA,2
ELLEANOR,ELEANOR,2
ELLENA,ELENA,2
ELLENER,ELEANOR,2
ELLENOR,ELEANOR,2
ELLENORA,ELEANORA,2
ELLENORE,ELEANOR,2
ELLET,ELLIOT,1
ELLIA,ELEANOR,2
ELLIAS,ELIAS,1
ELLIE,ELEANOR,2
ELLIN,ELLEN,2
ELLINOR,ELEANOR,2
ELLIOT,ELLIOTT,1
ELLIOTT,ELLIOT,1
ELLISABETH,ELIZABETH,2
ELLIZA,ELIZABETH,2
ELLIZABETH,ELIZABETH,2
ELLMER,ELMER,1
ELLN,ELLEN,2
ELLNORA,ELEANORA,2
ELLWOOD,ELWOOD,1
ELLY,ELEANOR,2
ELMA,ELMO,1
ELMA,ALMA,2
ELMAR,ELMER,1
ELMIRA,ALMIRA,2
ELMIRAH,ALMIRA,2
ELMIRE,ALMIRA,2
ELMOR,ELMER,1
ELMYRA,ALMIRA,2
ELNA,ELENA,2
ELNOR,ELEANOR,2
ELNORA,ELEANORA,2
ELNORAH,ELEANORA,2
ELNORE,ELEANOR,2
ELON,ELLEN,2
ELONER,ELEANOR,2
ELONORA,ELEANORA,2
ELONZA,ALONZO,1
ELONZO,ALONZO,1
ELOUISE,ELOISE,2
ELSABETH,ELIZABETH,2
ELSBETH,ELIZABETH,2
ELSE,ELIZABETH,2
ELSEY,ELIZABETH,2
ELSIA,ELIZABETH,2
ELSIE,ELIZABETH,2
ELSY,ELIZABETH,2
ELVIN,ALVIN,1
ELVINA,ALVINA,2
ELVIRE,ELVIRA,2
ELVIRIA,ELVIRA,2
ELVIRY,ELVIRA,2
ELY,ELIJAH,1
ELY,ELIZABETH,2
ELYSABETH,ELIZABETH,2
ELYZA,ELIZABETH,2
ELYZABETH,ELIZABETH,2
ELZA,ELIZABETH,1
ELZA,ELIZABETH,2
ELZABETH,ELIZABETH,2
ELZEBETH,ELIZABETH,2
ELZIE,ELIZABETH,2
ELZY,ELIZABETH,1
EM,EMILY,2
EMA,EMMA,2
EMALIA,AMELIA,2
EMALIE,EMILY,2
EMALIN,EMMELINE,2
EMALINA,EMMELINE,2
EMALINE,EMMELINE,2
EMALY,EMILY,2
EMANDA,AMANDA,2
EMANEL,EMMANUEL,1
EMANIEL,EMANUEL,1
EMANUAL,EMMANUEL,1
EMANUEL,EMMANUEL,1
EMANUL,EMANUEL,1
EMEL,EMIL,1
EMELA,AMELIA,2
EMELEY,EMILY,2
EMELIA,AMELIA,2
EMELIE,EMILY,2
EMELIN,EMMELINE,2
EMELINA,EMMELINE,2
EMELINE,EMMELINE,2
EMELY,EMILY,2
EMERINE,EMMELINE,2
EMERLINE,EMMELINE,2
EMERLY,EMILY,2
EMET,EMMET,1
EMETT,EMMET,1
EMEY,EMMA,2
EMIE,EMMA,2
EMIEL,EMILE,1
EMIELIE,EMILY,2
EMILA,AMELIA,2
EMILE,EMIL,1
EMILE,EMILY,2
EMILENE,EMMELINE,2
EMILEY,EMILY,2
EMILIA,AMELIA,2
EMILIE,EMILY,2
EMILIN,EMMELINE,2
EMILINE,EMMELINE,2
EMILLE,EMIL,1
EMILLIA,AMELIA,2
EMILLY,EMILY,2
EMIT,EMMET,1
EMITT,EMMET,1
EMLEY,EMILY,2
EMLIE,EMILY,2
EMLINE,EMMELINE,2
EMLY,EMILY,2
EMM,EMMA,2
EMMAGENE,IMOGENE,2
EMMAH,EMMA,2
EMMALINE,EMMELINE,2
EMMALY,EMILY,2
EMMANUEL,EMANUEL,1
EMME,EMMA,2
EMMELIA,AMELIA,2
EMMELY,EMILY,2
EMMER,EMERSON,1
EMMERSON,EMERSON,1
EMMET,EMMETT,1
EMMETT,EMMET,1
EMMIA,EMMA,2
EMMIE,EMILY,2
EMMIEFW,EMILY,2
EMMIL,ENOCH,1
EMMILY,EMILY,2
EMMIT,EMMETT,1
EMMITT,EMMET,1
EMMY,EMILY,2
EMOGENE,IMOGENE,2
EMOLINE,EMMELINE,2
EMORY,EMERY,1
EMRY,EMERY,1
EMY,EMMA,2
ENICE,EUNICE,2
ENICK,ENOCH,1
ENIS,EUNICE,1
ENMA,EMMA,2
ENOC,ENOCH,1
ENOCK,ENOCH,1
EOLA,IOLA,2
EPH,EPHRAIM,1
EPHA,EUPHEMIA,2
EPHRAM,EPHRAIM,1
EPHREM,EPHRAIM,1
EPHRIAM,EPHRAIM,1
EPHRIM,EPHRAIM,1
EPHRUM,EPHRAIM,1
EPPIE,EUPHEMIA,2
EPRAIM,EPHRAIM,1
ERICH,ERIC,1
ERICK,ERIC,1
ERIK,ERIC,1
ERL,EARL,1
ERLE,EARL,1
ERMIE,ERMA,2
ERMMA,ERMA,2
ERNA,ERNESTINE,2
ERNAST,ERNEST,1
ERNESTE,ERNEST,1
ERNESTINA,ERNESTINE,2
ERNIE,ERNEST,1
ERNIE,ERNESTINE,2
ERNIST,ERNEST,1
ERNISTINE,ERNESTINE,2
ERNST,ERNEST,1
ERNSTINA,ERNESTINE,2
ERNSTINE,ERNESTINE,2
ERRICK,ERIC,1
ERSKIN,ERSKINE,1
ERSULA,URSULA,2
ERVEN,ERWIN,1
ERVING,IRVING,1
ESABEL,ISABEL,2
ESABELL,ISABEL,2
ESABELLA,ISABELLA,2
ESAW,ESAU,1
ESQEDIE,EDWARD,1
ESRA,EZRA,1
ESSIE,ESTHER,2
ESSTELLA,ESTELLE,2
ESTALLA,ESTELLE,2
ESTEL,ESTELLE,2
ESTELA,ESTELLE,2
ESTELE,ESTELLE,2
ESTELL,ESTELLE,2
ESTER,ESTHER,2
ESTILLA,ESTELLA,2
ESTUS,EUSTACE,1
ETHAL,ETHEL,2
ETHEN,ETHAN,1
ETHIE,ETHEL,2
ETTA,ANTONETTA,2
ETTIE,ELIZABETH,2
EUG,EUGENE,1
EUGEAN,EUGENE,1
EUGEN,EUGENE,1
EUGENA,EUGENIA,2
EUGENE,EUGENIA,2
EUGENIA,EUGENE,1
EUGENIE,EUGENIA,2
EUGENIE,EUGENE,1
EUGENIO,EUGENE,1
EUGINA,EUGENIA,2
EUGINE,EUGENE,1
EUGINIA,EUGENIA,2
EUGINIAMARY,EUGENIA,2
EUGINIE,EUGINIA,2
EUGNE,EUGENE,1
EUGUENE,EUGENE,1
EUGUNE,EUGENE,1
EUJENE,EUGENE,1
EULALIE,EULALIA,2
EULIA,EULALIA,2
EUNIS,EUNICE,2
EUPHEMA,EUPHEMIA,2
EUPHEMIE,EUPHEMIA,2
EUPHENIA,EUPHEMIA,2
EUSEBE,EUSEBIUS,1
EUSEBIO,EUSEBIUS,1
EVAE,EVA,2
EVALENA,EVELYN,2
EVALIN,EVELYN,2
EVALINA,EVELYN,2
EVALINE,EVELYN,2
EVALYN,EVELYN,2
EVANS,EVAN,1
EVELENA,EVELYN,2
EVELENE,EVELYN,2
EVELIN,EVELYN,2
EVELINA,EVELYN,2
EVELINE,EVELYN,2
EVEN,EVAN,1
EVERET,EVERETT,1
EVERITT,EVERETT,1
EVERLINE,EVELYN,2
EVERT,EVERETT,1
EVERTT,EVERETT,1
EVEY,EVE,2
EVIE,EVELYN,2
EVILINA,EVELINA,2
EVILINE,EVELINE,2
EVIN,EVAN,1
EVLINE,EVELYN,2
EVLYN,EVELYN,2
EVOLINE,EVELYN,2
EVRETT,EVERETT,1
EVVA,EVA,2
EVVIE,EVELYN,2
EVY,EVE,2
EWARD,EDWARD,1
EWD,EDWARD,1
EZEKEL,EZEKIEL,1
EZEKIAL,EZEKIEL,1
EZERA,EZRA,1
EZKIEL,EZEKIEL,1
FAMY,EUPHEMIA,2
FAN,FANNY,2
FANCES,FRANCES,2
FANCIS,FRANCES,2
FANCIS,FRANCIS,1
FANEY,FANNIE,2
FANIE,FANNIE,2
FANK,FRANK,1
FANNA,FRANCES,2
FANNE,FRANCES,2
FANNEY,FANNIE,2
FANNI,FANNIE,2
FANNIE,FRANCES,2
FANNY,FRANCES,2
FANY,FANNIE,2
FAUSTIN,FAUSTINO,1
FAYETT,LAFAYETTE,1
FAYETTE,LAFAYETTE,1
FEBE,PHOEBE,2
FEBIE,PHOEBE,2
FEBY,PHOEBE,2
FED,FREDERICK,1
FEDELIA,FIDELIA,2
FEDERICK,FREDERICK,1
FEDERICO,FREDERICK,1
FEDRIC,FREDERICK,1
FEDRICK,FREDERICK,1
FEEBY,PHOEBE,2
FELEX,FELIX,1
FELICIANA,FELICIA,2
FELICIE,FELICIA,2
FELICITA,FELICIA,2
FELIPA,PHILIPA,2
FELIS,FELIX,1
FELIZ,FELIX,1
FERD,FERDINAND,1
FERDANAND,FERDINAND,1
FERDENAND,FERDINAND,1
FERDINAD,FERDINAND,1
FERDINAN,FERDINAND,1
FERDINANT,FERDINAND,1
FERDNAND,FERDINAND,1
FERMAN,FIRMIN,1
FERMIN,FIRMIN,1
FERNAND,FERDINAND,1
FERNANDO,FERDINAND,1
FIANNA,FIONA,2
FIBBY,PHOEBE,2
FILANDER,PHILANDER,1
FILL,PHILIP,1
FILLIS,PHYLLIS,2
FILOMENA,PHILOMENA,2
FINUS,PHINEAS,1
FIRMAN,FIRMIN,1
FITJR,FIT,2
FLARANCE,FLORENCE,2
FLARENCE,FLORENCE,2
FLAURENCE,FLORENCE,2
FLAVIE,FLAVIA,2
FLAVIOUS,FLAVIUS,1
FLAWRENCE,FLORENCE,2
FLECHER,FLETCHER,1
FLOID,FLOYD,1
FLORAH,FLORA,2
FLORANC,FLORENCE,2
FLORANCE,FLORENCE,1
FLORANCE,FLORENCE,2
FLORENC,FLORENCE,2
FLORIE,FLORENCE,2
FLORINCE,FLORENCE,2
FLORINE,FLORENE,2
FLORNCE,FLORENCE,2
FLORRA,FLORENCE,2
FLORRANCE,FLORENCE,2
FLORRENCE,FLORENCE,2
FLORRIE,FLORENCE,2
FLORY,FLORENCE,2
FLOYED,FLOYD,1
FLRENCE,FLORENCE,2
FOREST,FORREST,1
FOUNT,FOUNTAIN,1
FRACES,FRANCES,2
FRACIS,FRANCES,2
FRACIS,FRANCIS,1
FRAK,FRANK,1
FRAKLIN,FRANKLIN,1
FRAN,FRANCES,2
FRANC,FRANCES,2
FRANCE,FRANK,1
FRANCE,FRANCES,2
FRANCENA,FRANCES,2
FRANCES,FRANCIS,1
FRANCESS,FRANCES,2
FRANCIE,FRANCES,2
FRANCIES,FRANCIS,1
FRANCINA,FRANCES,2
FRANCIS,FRANK,1
FRANCISCA,FRANCES,2
FRANCISCO,FRANCES,2
FRANCISKA,FRANCES,2
FRANCK,FRANK,1
FRANCOISE,FRANCES,2
FRANCY,FRANCES,2
FRANES,FRANCES,2
FRANEY,FRANCES,2
FRANIE,FRANCES,2
FRANK,FRANCES,2
FRANKDR,FRANK,1
FRANKE,FRANK,1
FRANKE,FRANCES,2
FRANKEY,FRANCES,2
FRANKEY,FRANK,1
FRANKIE,FRANCIS,2
FRANKIN,FRANKLIN,1
FRANKLEN,FRANKLIN,1
FRANKLINE,FRANKLIN,1
FRANKLING,FRANKLIN,1
FRANKLYN,FRANKLIN,1
FRANKY,FRANCES,2
FRANKY,FRANK,1
FRANLIN,FRANKLIN,1
FRANNIE,FRANCES,2
FRANS,FRANK,1
FRANSES,FRANCES,2
FRANSIS,FRANCES,2
FRANSISCA,FRANCES,2
FRANSISKA,FRANCES,2
FRANTZ,FRANK,1
FRANY,FRANCES,2
FRANZ,FRANK,1
FRANZIS,FRANCES,2
FRANZISCA,FRANCES,2
FRANZISKA,FRANCES,2
FRD,FREDERICK,1
FREAD,FREDERICK,1
FRED,FREDERICK,1
FRED,FREDERICKA,2
FREDA,FREDERICKA,2
FREDC,FREDERICK,1
FREDD,FREDERICK,1
FREDDIE,FREDERICK,1
FREDDIE,FREDERICK,2
FREDDY,FREDERICK,1
FREDE,FREDERICK,1
FREDERCK,FREDERICK,1
FREDERECK,FREDERICK,1
FREDEREKA,FREDERICKA,2
FREDERIC,FREDERICK,1
FREDERICA,FREDERICKA,2
FREDERICCA,FREDERICKA,2
FREDERICH,FREDERICK,1
FREDERICK,FREDERICKA,2
FREDERICKE,FREDERICKA,2
FREDERIK,FREDERICK,1
FREDERIKA,FREDERICKA,2
FREDERIKE,FREDERICKA,2
FREDICK,FREDERICK,1
FREDIE,FREDERICK,1
FREDIE,FREDERICKA,2
FREDINAND,FERDINAND,1
FREDIRICK,FREDERICK,1
FREDK,FREDERICK,1
FREDR,FREDERICK,1
FREDRECA,FREDERICKA,2
FREDRECK,FREDERICK,1
FREDREKA,FREDERICKA,2
FREDRIC,FREDERICK,1
FREDRICA,FREDERICKA,2
FREDRICH,FREDERICK,1
FREDRICK,FREDERICKA,2
FREDRICKA,FREDERICKA,2
FREDRICKE,FREDERICK,2
FREDRIK,FREDERICK,1
FREDRIKA,FREDERICKA,2
FREDRIKE,FREDERICKA,2
FREDY,FREDERICK,1
FREEMONT,FREMONT,1
FREIDA,FRIEDA,2
FREMAN,FREEMAN,1
FRID,FREDERICK,1
FRIDA,FRIEDA,2
FRIDERICH,FREDERICK,1
FRIDERICK,FREDERICK,1
FRIDERICKE,FREDERICKA,2
FRIDERIKA,FREDERICKA,2
FRIDERIKE,FREDERICK,2
FRIDRICH,FRIEDRICH,1
FRIDRICK,FREDERICK,1
FRIED,FRIEDERICK,1
FRIEDERICA,FREDERICKA,2
FRIEDERICH,FRIEDRICH,1
FRIEDERICK,FREDERICK,1
FRIEDERICKA,FREDERICKA,2
FRIEDERICKE,FREDERICKA,2
FRIEDERIKA,FREDERICKA,2
FRIEDERIKE,FREDERICKA,2
FRIEDR,FREDERICK,1
FRIEDRICH,FREDERICK,1
FRIEDRICK,FREDERICK,1
FRIEDRICKE,FREDERICKA,2
FRONIA,SOPHRONIA,2
GABE,GABRIEL,1
GABREL,GABRIEL,1
GABRELLA,GABRIELLA,2
GABRIAL,GABRIEL,1
GABRIEL,GABRIELLE,2
GABRIELA,GABRIELLA,2
GABRIL,GABRIEL,1
GABRILLA,GABRIELLA,2
GARD,MARSHALL,1
GARET,GARRETT,1
GARRET,GARRETT,1
GARRIT,GARRETT,1
GARRY,GARY,1
GELBERT,GILBERT,1
GEMIMA,JEMIMA,2
GENA,ANGELINE,2
GENE,EUGENE,1
GENETT,JENNETTE,2
GENETTA,JENNETTA,2
GENETTE,JENNETTE,2
GENETTIE,JANE,2
GENEVIE,GENEVIEVE,2
GENEVIVE,GENEVIEVE,2
GENIE,EUGENE,1
GENNETT,JENNETTE,2
GENNETTA,JENNETTA,2
GENNETTE,JENNETTE,2
GENNIE,GENEVIEVE,2
GENOVEVA,GENEVIEVA,2
GEO,GEORGE,1
GEO,GEORGIA,2
GEOGE,GEORGE,1
GEOGIA,GEORGIA,2
GEOR,GEORGE,1
GEORE,GEORGE,1
GEORG,GEORGE,1
GEORG,GEORGIA,2
GEORGA,GEORGIA,2
GEORGA,GEORGE,1
GEORGAN,GEORGEANNE,2
GEORGANA,GEORGIANA,2
GEORGANIA,GEORGEANNA,2
GEORGANN,GEORGEANN,2
GEORGANNA,GEORGIANA,2
GEORGE,GEORGIA,2
GEORGEA,GEORGIA,2
GEORGEAN,GEORGIANA,2
GEORGEANA,GEORGIANA,2
GEORGEANN,GEORGIANA,2
GEORGEANNA,GEORGIANNA,2
GEORGENA,GEORGEANNA,2
GEORGENIA,GEORGIA,2
GEORGES,GEORGE,1
GEORGI,GEORGIA,2
GEORGIA,GEORGE,1
GEORGIAM,GEORGIA,2
GEORGIAN,GEORGIANA,2
GEORGIANA,GEORGIANNA,2
GEORGIANN,GEORGIANA,2
GEORGIANNA,GEORGIANA,2
GEORGIE,GEORGE,1
GEORGINA,GEORGIANA,2
GEORGINE,GEORGIA,2
GEORGY,GEORGIA,2
GERGE,GEORGE,1
GERMAINM,GERMAIN,2
GEROGE,GEORGE,1
GEROME,JEROME,1
GERONE,MARSHALL,1
GERRIT,GARRETT,1
GERRY,GERALD,1
GERTA,GERTRUDE,2
GERTHA,GERTRUDE,2
GERTIE,GERTRUDE,2
GERTRUD,GERTRUDE,2
GERTRUDA,GERTRUDE,2
GERTRUDES,GERTRUDE,2
GERTRUDIS,GERTRUDE,2
GERTRUE,GERTRUDE,2
GERTUDE,GERTRUDE,2
GERTY,GERTRUDE,2
GERUSHA,JERUSHA,2
GETRUDE,GERTRUDE,2
GID,GIDEON,1
GIDDEON,GIDEON,1
GIDION,GIDEON,1
GIL,GILBERT,1
GIM,JAMES,1
GINA,ANGELINE,2
GINEY,VIRGINIA,2
GINNEY,VIRGINIA,2
GINNIE,VIRGINIA,2
GINNY,VIRGINIA,2
GIRTA,GERTRUDE,2
GIRTIE,GERTRUDE,2
GIRTRUDE,GERTRUDE,2
GIRTY,GERTRUDE,2
GLEN,GLENN,1
GODFRED,GODFREID,1
GODFRIED,GODFREY,1
GODFRY,GODFREY,1
GODLIEB,GOTTLIEB,1
GOERGE,GEORGE,1
GOLDIE,GOLDA,2
GORDAN,GORDON,1
GORDEN,GORDON,1
GORGE,GEORGE,1
GORGIA,GEORGIA,2
GORGIE,GEORGIA,2
GOTFRIED,GODFREY,1
GOTLEB,GOTTLIEB,1
GOTLEIB,GOTTLIEB,1
GOTLIB,GOTTLIEB,1
GOTLIEB,GOTTLIEB,1
GOTTFRED,GODFREY,1
GOTTLEIB,GOTTLIEB,1
GOTTLIB,GOTTLIEB,1
GOTTLOB,GOTTLIEB,1
GRACEY,GRACE,2
GRACIE,GRACE,2
GRACY,GRACE,2
GRAFTONS,GRAFTON,1
GRAN,GRANVILLE,1
GRANDVILLE,GRANVILLE,1
GRANTU,GRANT,1
GRANVIL,GRANVILLE,1
GRANVILL,GRANVILLE,1
GRDON,GORDON,1
GREENBERY,GREENBERRY,1
GREG,GREGORY,1
GREGG,GREGORY,1
GREGORIO,GREGORY,1
GRETA,GRETTA,2
GRETTA,MARGARETTA,2
GREY,GRAYSON,1
GRIFF,GRIFFIN,1
GRIFFETH,GRIFFITH,1
GULIA,JULIA,2
GURTIE,GERTRUDE,2
GURTRUDE,GERTRUDE,2
GURTY,GERTRUDE,2
GUS,AUGUSTUS,1
GUSS,AUGUSTUS,1
GUSSIE,AUGUSTUS,1
GUSSY,AUGUSTA,2
GUST,AUGUSTUS,1
GUSTA,AUGUSTA,2
GUSTA,AUGUSTA,1
GUSTAF,GUSTAVE,1
GUSTAFF,GUSTAVE,1
GUSTAV,GUSTAVE,1
GUSTAVAS,GUSTAVUS,1
GUSTAVES,GUSTAVUS,1
GUSTAVIS,GUSTAVUS,1
GUSTAVIUS,GUSTAVUS,1
GUSTENA,JUSTINA,2
GUSTIE,AUGUSTA,2
GUSTIN,JUSTIN,1
GUSTINA,AUGUSTINA,2
GUSTINE,AUGUSTINE,2
GUSTOF,GUSTAVE,1
GUSTOFF,GUSTAVE,1
GUSTOV,GUSTAVE,1
GUSTUS,AUGUSTUS,1
GUSTY,AUGUSTA,2
GWEN,GWENDOLYN,2
HADDIE,HARRIET,2
HAGER,HAGAR,2
HAL,HENRY,1
HALENA,HELENA,2
HALLIE,HARRIET,2
HAMAH,HANNAH,2
HAME,HAM,1
HAMELTON,HAMILTON,1
HAMP,HAMPTON,1
HAMTON,HAMPTON,1
HAN,HANNAH,2
HANA,HANNAH,2
HANAH,HANNAH,2
HANIBAL,HANNIBAL,1
HANK,HENRY,1
HANNA,HANNAH,2
HANNER,HANNAH,2
HANNORA,HONORA,2
HANNORAH,HONORA,2
HANORA,HONORA,2
HANORAH,HONORA,2
HANRY,HENRY,1
HARACE,HORACE,1
HARALD,HAROLD,1
HARBERT,HERBERT,1
HARDIN,HARDEN,1
HARET,HARRIET,2
HARETT,HARRIET,2
HAREY,HENRY,1
HARIAT,HARRIET,2
HARIET,HARRIET,2
HARIETT,HARRIET,2
HARIETTA,HARRIET,2
HARIETTE,HARRIET,2
HARIOT,HARRIET,2
HARIOTT,HARRIET,2
HARIS,HARRIS,1
HARISON,HARRISON,1
HARIT,HARRIET,2
HARITT,HARRIET,2
HARLAND,HARLAN,1
HARLIE,CHARLIE,1
HARLIN,HARLAN,1
HARLON,HARLAN,1
HARLY,HARLEY,1
HARRET,HARRIET,2
HARRETT,HARRIET,2
HARRETTE,HARRIET,2
HARREY,HENRY,1
HARRIAT,HARRIET,2
HARRIATE,HARRIET,2
HARRIATT,HARRIET,2
HARRIE,HENRY,1
HARRIE,HARRIET,2
HARRIETE,HARRIET,2
HARRIETT,HARRIET,2
HARRIETTE,HARRIET,2
HARRIOT,HARRIET,2
HARRIOTT,HARRIET,2
HARRISSON,HARRISON,1
HARRIT,HARRIET,2
HARRITT,HARRIET,2
HARRITTE,HARRIET,2
HARROLD,HAROLD,1
HARRY,HENRY,1
HARRY,HARRIET,2
HARVA,HARVEY,1
HARVE,HARVEY,1
HARVIE,HARVEY,1
HARVY,HARVEY,1
HARY,HENRY,1
HATIE,HARRIET,2
HATTA,HARRIET,2
HATTE,HARRIET,2
HATTEE,HARRIET,2
HATTI,HARRIET,2
HATTIE,HARRIET,2
HATTY,HARRIET,2
HATY,HARRIET,2
HAVER,HARVEY,1
HAVIER,XAVIER,1
HAWARD,HOWARD,1
HEBERT,HERBERT,1
HEINRICK,HEINRICH,1
HELAN,HELEN,2
HELANA,HELENA,2
HELDA,HILDA,2
HELENE,HELEN,2
HELENFW,HELEN,2
HELINA,HELENA,2
HELLAN,HELEN,2
HELLEN,HELEN,2
HELLENA,HELENA,2
HELLENE,HELENE,2
HELLIN,HELEN,2
HELLON,HELEN,2
HELMUTH,HELMUT,1
HELON,HELEN,2
HEN,HENRY,1
HENDRICK,HENDRIK,1
HENERETTA,HENRIETTA,2
HENERETTE,HENRIETTE,2
HENERIETTA,HENRIETTA,2
HENERITTA,HENRIETTA,2
HENERY,HENRY,1
HENEY,HENRY,1
HENIETTA,HENRIETTA,2
HENIRETTA,HENRIETTA,2
HENNIE,HENRIETTA,2
HENNRIETTA,HENRIETTA,2
HENNRY,HENRY,1
HENNY,HENRIETTA,2
HENORA,HONORA,2
HENRAETTA,HENRIETTA,2
HENREETTA,HENRIETTA,2
HENREITTA,HENRIETTA,2
HENRETA,HENRIETTA,2
HENRETTA,HENRIETTA,2
HENRETTE,HENRIETTA,2
HENRETTIA,HENRIETTA,2
HENRETTIE,HENRIETTA,2
HENREY,HENRY,1
HENREYB,HENRY,1
HENRI,HENRY,1
HENRIATTA,HENRIETTA,2
HENRICH,HEINRICH,1
HENRICK,HEINRICH,1
HENRIE,HENRY,1
HENRIE,HENRIETTA,2
HENRIETA,HENRIETTA,2
HENRIETT,HENRIETTA,2
HENRIETTE,HENRIETTA,2
HENRIETTIE,HENRIETTA,2
HENRITTA,HENRIETTA,2
HENRITTE,HENRIETTA,2
HENRY,HENRIETTA,2
HENRYETTA,HENRIETTA,2
HENRYETTE,HENRIETTA,2
HENRYR,HENRY,1
HENY,HENRY,1
HERALD,HAROLD,1
HERBET,HERBERT,1
HERBIE,HERBERT,1
HERBURT,HERBERT,1
HERBY,HERBERT,1
HERIETTA,HENRIETTA,2
HERM,HERMAN,1
HERMANN,HERMAN,1
HERMEN,HERMAN,1
HERMENA,HERMINA,2
HERMENIA,HERMINA,2
HERMIN,HERMAN,1
HERMINE,HERMINA,2
HERMON,HERMAN,1
HERNY,HENRY,1
HERRIET,HARRIET,2
HERRIETTA,HENRIETTA,2
HERRMAN,HERMAN,1
HERRMANN,HERMAN,1
HERRY,HENRY,1
HERSCHEL,HERSHEL,1
HERSHAL,HERSCHEL,1
HERSHEL,HERSCHEL,1
HERVEY,HARVEY,1
HERY,HENRY,1
HESAKIAH,HEZEKIAH,1
HESEKIAH,HEZEKIAH,1
HESIKIAH,HEZEKIAH,1
HESTHER,HESTER,2
HESTOR,HESTER,2
HETTA,HENRIETTA,2
HETTY,HETTIE,2
HEW,HUGH,1
HEWE,HE,2
HEZ,HEZEKIAH,1
HEZAKIAH,HEZEKIAH,1
HEZIKIAH,HEZEKIAH,1
HEZKIAH,HEZEKIAH,1
HI,HIRAM,1
HILARY,HILLARY,1
HILDAH,HILDA,2
HILERY,HILLARY,1
HILLERY,HILLARY,1
HILLORY,HILLARY,1
HILMA,HELMA,2
HILRY,HILLARY,1
HIREM,HIRAM,1
HIRIAM,HIRAM,1
HIROM,HIRAM,1
HIRUM,HIRAM,1
HITTIE,HARRIET,2
HOLLIE,HALL,1
HONNORA,HONORA,2
HONOR,HONORA,2
HONORAH,HONORA,2
HONORIA,HONORA,2
HORAS,HORACE,1
HORATIA,HORATIO,1
HORICE,HORACE,1
HORIS,HORACE,1
HORRACE,HORACE,1
HORRICE,HORACE,1
HORRIS,HORACE,1
HORTENCE,HORTENSE,2
HOSA,HOSEA,1
HOSEY,HOSEA,1
HOSIA,HOSEA,1
HOSIE,HOSEA,1
HOUGH,HUGH,1
HOW,HOWARD,1
HOWE,HOWARD,1
HUE,HUGH,1
HUEY,HUGH,1
HUGHEY,HUGH,1
HUGHY,HUGH,1
HULDAH,HULDA,2
HULDAY,HULDA,2
HULDIA,HULDA,2
HULDIE,HULDA,2
HULDY,HULDA,2
HUMPHRY,HUMPHREY,1
HURBERT,HERBERT,1
HURBURT,HERBERT,1
HURMAN,HERMAN,1
HUSTON,HOUSTON,1
HUTSON,HUDSON,1
HY,HYRUM,1
HYPOLITE,HIPPOLYTE,1
HYRAM,HIRAM,1
HYRUM,HIRAM,1
I  I,MARSHALL,1
IAAC,ISAAC,1
IDAH,IDA,2
IDDA,IDA,2
IDE,IDA,2
IDIA,IDA,2
IDIE,IDA,2
IGNACE,IGNATIUS,1
IGNATIOUS,IGNATIUS,1
IGNATUS,IGNATIUS,1
IGNATZ,IGNATIUS,1
II,LEWIS,1
IKE,ISAAC,1
IMMANUEL,EMANUEL,1
INDIAN,INDIANA,2
INDIANNA,INDIANA,2
INDIE,INDIANA,2
INDY,INDIANA,2
INES,INEZ,2
INGEBOR,INGEBORG,2
INGER,INGRID,2
INGRE,INGRID,2
INIS,INEZ,2
INIZ,INEZ,2
IRAH,IRVING,1
IRE,IRA,1
IREAN,IRENE,2
IREEN,IRENE,2
IRENIA,IRENA,2
IRINA,IRENA,2
IRINE,IRENE,2
IRMA,ERMA,2
IRVAN,IRVING,1
ISA,ISAH,1
ISAACE,ISAAC,1
ISAACJR,ISAAC,1
ISAACK,ISAAC,1
ISAAH,ISAIAH,1
ISAAK,ISAAC,1
ISABELA,ISABELLA,2
ISABELE,ISABEL,2
ISABELL,ISABEL,2
ISABELLE,ISABEL,2
ISABLE,ISABEL,2
ISABLLA,ISABELLA,2
ISAC,ISAAC,1
ISACC,ISAAC,1
ISACH,ISAAC,1
ISACK,ISAAC,1
ISADOR,ISADORE,1
ISAIC,ISAAC,1
ISAIH,ISAIAH,1
ISAK,ISAAC,1
ISAREL,ISRAEL,1
ISBELLA,ISABELLA,2
ISEBEL,ISABEL,2
ISEBELL,ISABEL,2
ISEBELLA,ISABELLA,2
ISERAL,ISRAEL,1
ISHMEAL,ISHMAEL,1
ISIAC,ISAAC,1
ISIAH,ISAIAH,1
ISIBEL,ISABEL,2
ISIBELL,ISABEL,2
ISIBELLA,ISABELLA,2
ISIBELLE,ISABEL,2
ISIC,ISAAC,1
ISICK,ISAAC,1
ISIDOR,ISADORE,1
ISIDORE,ISADORE,2
ISIDRO,ISADORE,1
ISOBEL,ISABEL,2
ISOM,ISAM,1
ISON,ISAM,1
ISRAL,ISRAEL,1
ISREAL,ISRAEL,1
ISREL,ISRAEL,1
ISRIAL,ISRAEL,1
ISRIEL,ISRAEL,1
ISSAAC,ISAAC,1
ISSABEL,ISABEL,2
ISSABELL,ISABEL,2
ISSABELLA,ISABELLA,2
ISSABELLE,ISABEL,2
ISSAC,ISAAC,1
ISSIE,ISABEL,2
ISUM,ISAM,1
IVER,IVOR,1
IVEY,IVY,1
IVEY,IVY,2
IVIE,IVY,2
IVIN,IVAN,1
IZABEL,ISABEL,2
IZABELL,ISABEL,2
IZABELLA,ISABELLA,2
IZORA,ISADORA,2
J  E,MARSHALL,1
J  Q,MARSHALL,1
JA,JAMES,1
JABES,JABEZ,1
JABUS,JABEZ,1
JAC,JACK,1
JACB,JACOB,1
JACK,JACKSON,1
JACKIE,JACQUELINE,2
JACKOB,JACOB,1
JACOBE,JACOB,1
JACOBO,JACOB,1
JACOP,JACOB,1
JACUB,JACOB,1
JAHN,JOHN,1
JAIN,JANE,2
JAINE,JANE,2
JAKE,JACOB,1
JAKOB,JACOB,1
JAM,JAMES,1
JAME,JAMES,1
JAME,JAMIE,2
JAMESJ,JAMES,1
JAMIE,JAMES,1
JAMIMA,JEMIMA,2
JAMIS,JAMES,1
JAMS,JAMES,1
JAMY,JAMES,1
JAN,JANET,1
JAN,JANE,2
JANEE,JANE,2
JANES,JAMES,1
JANETT,JANETTE,2
JANETTA,JENNETTA,2
JANEY,JANE,2
JANIE,JANE,2
JANIS,JANICE,2
JANNE,JANE,2
JANNET,JENNETTE,2
JANNETT,JENNETTE,2
JANNETTE,JENNETTE,2
JANNEY,JANE,2
JANNIE,JANE,2
JANNY,JANE,2
JANY,JANE,2
JAPHET,JAPHETH,1
JAQUES,JACQUES,1
JAROME,JEROME,1
JARRED,JARED,1
JARRET,JARED,1
JARUSHA,JERUSHA,2
JARY,GERALD,1
JAS,JAMES,1
JASEN,JASON,1
JASEPH,JOSEPH,1
JASHUA,JOSHUA,1
JASPAR,JASPER,1
JAYNE,JANE,2
JEAMES,JAMES,1
JEAMS,JAMES,1
JEAN,JENNETTE,2
JEANE,JENNETTE,2
JEANETT,JENNETTE,2
JEANETTA,JENNETTA,2
JEANETTE,JENNETTE,2
JEANIE,JENNETTE,2
JEANNA,JENNETTA,2
JEANNETT,JENNETTE,2
JEANNETTE,JEANETTE,2
JEANNIE,JENNETTE,2
JED,JEDEDIAH,1
JEDEDIAH,JEDIDIAH,1
JEDIAH,JEDEDIAH,1
JEF,JEFFREY,1
JEFERSON,JEFFERSON,1
JEFF,JEFFREY,1
JEFFERY,JEFFREY,1
JEFFIE,JEFFREY,1
JEFFRY,JEFFREY,1
JEHIAL,JEHIEL,1
JEHN,JOHN,1
JEMES,JAMES,1
JEMIE,JEMIMA,2
JEMIMAH,JEMIMA,2
JEMINA,JEMIMA,2
JEMMIE,JAMES,1
JEMMIMA,JEMIMA,2
JENE,EUGENE,1
JENET,JENNETTE,2
JENETT,JENNETTE,2
JENETTA,JENNETTA,2
JENETTE,JEANETTE,2
JENEVA,GENEVA,2
JENEY,JANE,2
JENIE,JENNIFER,2
JENINE,JANE,2
JENNA,VIRGINIA,2
JENNE,JENNIFER,2
JENNET,JENNETTE,2
JENNETT,JEANETTE,2
JENNETTIE,JENNETTE,2
JENNEY,JENNIFER,2
JENNI,JANE,2
JENNIE,JENNIFER,2
JENNIE,JENNIFER,1
JENNY,JENNIFER,2
JENY,JANE,2
JEORGE,GEORGE,1
JEPTHA,JEPHTHA,1
JERALD,GERALD,1
JERAMIAH,JEREMIAH,1
JERDON,JORDAN,1
JERE,JEREMIAH,1
JEREMIA,JEREMIAH,1
JERIMAH,JEREMIAH,1
JERIMIAH,JEREMIAH,1
JERMIAH,JEREMIAH,1
JEROM,JEROME,1
JERRE,JEREMIAH,1
JERREMIAH,JEREMIAH,1
JERRIE,GERALD,1
JERRIMIAH,JEREMIAH,1
JERRYMIAH,JEREMIAH,1
JERUSIA,JERUSHA,2
JERY,GERALD,1
JES,JESSE,1
JESE,JESSE,1
JESEE,JESSE,1
JESEY,JESSE,1
JESIE,JESSICA,2
JESIE,JESSIE,1
JESS,JESSE,1
JESSA,JESSE,1
JESSA,JESSICA,2
JESSE,JESSICA,2
JESSEE,JESSICA,2
JESSEY,JESSE,1
JESSEY,JESSICA,2
JESSI,JESSE,1
JESSIA,JESSICA,2
JESSIE,JESSICA,2
JESSY,JESSE,1
JESSY,JESSICA,2
JESTINA,JUSTINA,2
JESUSS,JESUS,1
JETTIE,JETTA,2
JETTY,JOSEPHINE,2
JF,DANIEL,1
JHN,JOHN,1
JHON,JOHN,1
JILES,GILES,1
JIM,JAMES,1
JIMEY,JAMES,1
JIMIE,JAMES,1
JIMIMA,JEMIMA,2
JIMMEY,JAMES,1
JIMMIE,JAMES,1
JIMMIE,JAMES,2
JIMMY,JAMES,1
JIMY,JAMES,1
JINEY,VIRGINIA,2
JINIE,VIRGINIA,2
JINNE,VIRGINIA,2
JINNETT,JENNETTE,2
JINNEY,VIRGINIA,2
JINNIE,JENNIFER,2
JINNY,VIRGINIA,2
JM,JAMES,1
JN,JOHN,1
JNO,JOHN,1
JNO,JOANNA,2
JNOJR,JOHN,1
JO,JOSEPH,1
JOACHIM,JOAQUIN,1
JOACHIN,JOACHIM,1
JOAL,JOEL,1
JOANA,JOANNA,2
JOANAH,JOHANNA,2
JOANN,JOHANNA,2
JOANNAH,JOANNA,2
JOAQUIN,JOACHIM,1
JOBE,JOB,1
JOCIE,JOSEPHINE,2
JOCK,JOHN,1
JOCOB,JACOB,1
JODIE,JODY,1
JOE,JOSEPH,1
JOE,JOSEPHINE,2
JOEANNA,JOHANNA,2
JOELL,JOEL,1
JOEPH,JOSEPH,1
JOESEPH,JOSEPH,1
JOESPH,JOSEPH,1
JOH,JOHN,1
JOHAN,JOHANN,1
JOHANA,JOHANNA,2
JOHANAH,JOHANNA,2
JOHANAS,JOHANNES,1
JOHANE,JOHANNA,2
JOHANES,JOHANNES,1
JOHANNAH,JOHANNA,2
JOHANNAS,JOHANNES,1
JOHANNE,JOHANNA,2
JOHATHAN,JONATHAN,1
JOHJR,JOH,2
JOHM,JOHN,1
JOHN,JOHANNA,2
JOHNANA,JOHANNA,2
JOHNANNA,JOHANNA,2
JOHNATHAN,JONATHAN,1
JOHNATHEN,JONATHAN,1
JOHNATHON,JONATHAN,1
JOHNC,JOHN,1
JOHNE,JOHN,1
JOHNEY,JOHN,1
JOHNIE,JOHN,1
JOHNIE,JOHANNA,2
JOHNITHAN,JONATHAN,1
JOHNJR,JOHN,1
JOHNN,JOHN,1
JOHNNA,JOHANNA,2
JOHNND,JOHN,1
JOHNNEY,JOHN,1
JOHNNIE,JOHN,1
JOHNNIE,JOHANNA,2
JOHNNY,JOHN,1
JOHNOTHAN,JONATHAN,1
JOHNRD,JOHN,1
JOHNS,JOHN,1
JOHNSR,JOHN,1
JOHNY,JOHN,1
JOHNY,JOHANNA,2
JOHON,JOHANN,1
JOICE,JOYCE,2
JOICY,JOYCE,2
JON,JOHN,1
JONA,JONAH,1
JONAS,JONAH,1
JONASSR,JONAH,1
JONATHEN,JONATHAN,1
JONATHON,JONATHAN,1
JONE,JOAN,2
JONETHAN,JONATHAN,1
JONITHAN,JONATHAN,1
JONN,JOHN,1
JONNA,JOHANNA,2
JONNIE,JOHN,1
JONNY,JOHN,1
JONOTHAN,JONATHAN,1
JORDEN,JORDAN,1
JORDON,JORDAN,1
JOS,JOSEPH,1
JOS,JOSEPHINE,2
JOSA,JOSEPHINE,2
JOSAPH,JOSEPH,1
JOSAPHENE,JOSEPHINE,2
JOSAPHIN,JOSEPHINE,2
JOSAPHINE,JOSEPHINE,2
JOSE,JOSEPHINE,2
JOSEF,JOSEPH,1
JOSEFA,JOSEPHINE,2
JOSEFINA,JOSEPHINA,2
JOSEFINE,JOSEPHINE,2
JOSEJESUS,JOSE,1
JOSEP,JOSEPH,1
JOSEPENE,JOSEPHINE,2
JOSEPF,JOSEPH,1
JOSEPH,JOSEPHINE,2
JOSEPHA,JOSEPHINE,2
JOSEPHE,JOSEPH,1
JOSEPHEN,JOSEPHINE,2
JOSEPHENA,JOSEPHINA,2
JOSEPHENE,JOSEPHINE,2
JOSEPHFATHR,JOSEPH,1
JOSEPHIEN,JOSEPHINE,2
JOSEPHIENE,JOSEPHINE,2
JOSEPHIN,JOSEPHINE,2
JOSEPHINE,JOSEPH,1
JOSEPINE,JOSEPHINE,2
JOSEW,JOSE,1
JOSEY,JOSEPH,1
JOSH,JOSHUA,1
JOSHAWAY,JOSHUA,1
JOSHEPH,JOSEPH,1
JOSHUAY,JOSHUA,1
JOSIAS,JOSIAH,1
JOSIE,JOSEPH,1
JOSINA,JOSEPHINE,2
JOSIPH,JOSEPH,1
JOSIPHENE,JOSEPHINE,2
JOSIPHINE,JOSEPHINE,2
JOSOPH,JOSEPH,1
JOSOPHENE,JOSEPHINE,2
JOSOPHINE,JOSEPHINE,2
JOSPEH,JOSEPH,1
JOSPH,JOSEPH,1
JOSPHENE,JOSEPHINE,2
JOSPHINE,JOSEPHINE,2
JOSSIE,JOSEPHINE,2
JOSUA,JOSHUA,1
JOSUAH,JOSHUA,1
JOSY,JOSEPHINE,2
JOURDAN,JORDAN,1
JOURDEN,JORDAN,1
JRS,JOSEPH,1
JSEPHINE,JOSEPHINE,2
JUAN,JUANITA,2
JUDA,JUDITH,2
JUDDY,JUDITH,2
JUDE,JUDITH,2
JUDETH,JUDITH,2
JUDIA,JUDITH,2
JUDIE,JUDITH,2
JUDIETH,JUDITH,2
JUDY,JUDITH,2
JUL,JULIUS,1
JULA,JULIA,2
JULE,JULIUS,1
JULE,JULIE,2
JULEA,JULIA,2
JULES,JULIAN,1
JULETTA,JULIETTE,2
JULEUS,JULIUS,1
JULEY,JULIA,2
JULI,JULIA,2
JULIA,JULIAN,1
JULIAETT,JULIET,2
JULIAETTE,JULIETTE,2
JULIANE,JULIANN,2
JULIANNA,JULIANA,2
JULIAR,JULIA,2
JULIAS,JULIUS,1
JULIE,JULIA,2
JULIEN,JULIAN,1
JULIEN,JULIAN,2
JULIENNE,JULIANN,2
JULIER,JULIET,2
JULIES,JULIAN,1
JULIETT,JULIET,2
JULIO,JULIUS,1
JULIOUS,JULIUS,1
JULIS,JULIUS,1
JULLIA,JULIA,2
JULLIE,JULIA,2
JULUIS,JULIUS,1
JULUS,JULIUS,1
JULY,JULIAN,1
JULYAN,JULIAN,2
JULYANN,JULIANN,2
JUNGSEE,JUNG,2
JUNIE,JUNE,2
JUNIOUS,JUNIUS,1
JUS,JUSTIN,1
JUSTA,JUSTINE,2
JUSTIANM,JUSTIAN,2
JUSTINM,JUSTIN,2
KARI,CAROLINE,2
KARIN,KAREN,2
KARL,CARL,1
KARN,CATHERINE,2
KAROLINA,CAROLINA,2
KAROLINE,CAROLINE,2
KARY,CARRIE,2
KASIAH,KEZIAH,2
KASPER,CASPER,1
KAT,CATHERINE,2
KATA,CATHERINE,2
KATARINA,CATHERINE,2
KATARINE,CATHERINE,2
KATE,CATHERINE,2
KATEE,CATHERINE,2
KATERINA,CATHERINE,2
KATERINE,CATHERINE,2
KATEY,CATHERINE,2
KATH,CATHERINE,2
KATHARIN,CATHERINE,2
KATHARINA,CATHERINE,2
KATHARINE,CATHERINE,2
KATHE,CATHERINE,2
KATHERIN,CATHERINE,2
KATHERINA,CATHERINE,2
KATHERINE,CATHERINE,2
KATHERN,CATHERINE,2
KATHI,CATHERINE,2
KATHIE,CATHERINE,2
KATHLEEN,CATHERINE,2
KATHREN,KATHARINE,2
KATHRIN,CATHERINE,2
KATHRINA,CATHERINE,2
KATHRINE,CATHERINE,2
KATHY,CATHERINE,2
KATI,CATHERINE,2
KATIE,CATHERINE,2
KATRINA,CATHERINE,2
KATRINE,CATHERINE,2
KATTE,CATHERINE,2
KATTIE,CATHERINE,2
KATTY,CATHERINE,2
KATY,CATHERINE,2
KAY,CATHERINE,1
KAZIAH,KEZIAH,2
KENETH,KENNETH,1
KENNY,KENNETH,1
KERBY,KIRBY,1
KESIA,KEZIAH,2
KESIAH,KEZIAH,2
KETTY,CATHERINE,2
KEY,MARSHALL,1
KEZIA,KEZIAH,2
KISIAH,KEZIAH,2
KISSEY,CALISTA,2
KISSIAH,KEZIAH,2
KISSIE,CASSANDRA,2
KIT,CATHERINE,1
KIT,CATHERINE,2
KITIE,CATHERINE,2
KITT,CATHERINE,1
KITTE,CATHERINE,2
KITTEY,CATHERINE,2
KITTIE,CATHERINE,2
KITTY,CATHERINE,2
KITY,CATHERINE,2
KIZIAH,KEZIAH,2
KIZZIAH,KEZIAH,2
KIZZIE,KEZIAH,2
KIZZY,KEZIAH,2
KLAAS,KLAUS,1
KLARA,CLARA,2
KNUD,KNUT,1
KNUDT,KNUT,1
KNUTE,KNUT,1
KONRAD,CONRAD,1
KORA,CORA,2
KRISTINE,CHRISTINE,2
LABEN,LABAN,1
LABON,LABAN,1
LACEY,LACY,1
LAFAETT,LAFAYETTE,1
LAFAETTE,LAFAYETTE,1
LAFAYET,LAFAYETTE,1
LAFAYETT,LAFAYETTE,1
LAFE,LAFAYETTE,1
LAFEYETTE,LAFAYETTE,1
LAFT,MARSHALL,1
LAFYETT,LAFAYETTE,1
LAFYETTE,LAFAYETTE,1
LAINAR,MARSHALL,1
LAMUEL,LEMUEL,1
LAN,LANCASTER,1
LANDEN,LANDON,1
LANE,MARSHALL,1
LANG,LANGFORD,1
LANORA,ELEANOR,2
LANY,LANEY,2
LARA,LAURA,2
LARAH,LAURA,2
LARANCE,LAWRENCE,1
LARENA,LORENA,2
LARENCE,LAWRENCE,1
LARETTA,LORETTA,2
LARINA,LORENA,2
LARINDA,LORINDA,2
LAROY,LEROY,1
LARRA,LAURA,2
LARRAH,LAURA,2
LARRENCE,LAWRENCE,1
LARRY,LAWRENCE,1
LARUA,LAURA,2
LARY,LAWRENCE,1
LATICIA,LETICIA,2
LATITIA,LETITIA,2
LATON,LAYTON,1
LAUISA,LOUISA,2
LAURAH,LAURA,2
LAURANCE,LAWRENCE,1
LAURE,LAURA,2
LAUREA,LAURA,2
LAURENCE,LAWRENCE,1
LAURENS,LAWRENCE,1
LAURETTA,LORETTA,2
LAURIA,LAURA,2
LAURIE,LAURA,2
LAURIN,LOREN,1
LAURINA,LORENA,2
LAURRA,LAURA,2
LAURY,LAURA,2
LAUSON,LAWSON,1
LAVANIA,LAVINIA,2
LAVENA,LAVINIA,2
LAVENIA,LAVINIA,2
LAVERN,LAVERNE,1
LAVINA,LAVINIA,2
LAVINE,LAVINIA,2
LAVINNA,LAVINIA,2
LAVISA,LOVISA,2
LAVONIA,LAVINIA,2
LAW,LAWRENCE,1
LAWERENCE,LAWRENCE,1
LAWRA,LAURA,2
LAYFAETT,LAFAYETTE,1
LAYFAETTE,LAFAYETTE,1
LAYFAYETT,LAFAYETTE,1
LAYFAYETTE,LAFAYETTE,1
LAYFETTE,LAFAYETTE,1
LAYGOLLA,LAY,2
LEA,LEAH,2
LEAN,LEANNE,2
LEANA,LEANNA,2
LEANARD,LEONARD,1
LEANNAH,LEANNA,2
LEANNER,LEANNE,2
LEANOR,ELEANOR,2
LEANORA,ELEANOR,2
LEANORD,LEONARD,1
LEAPOLD,LEOPOLD,1
LEATHA,ALETHEA,2
LEATHY,ALETHEA,2
LECTA,ELECTA,2
LEDIA,LYDIA,2
LEE,MARSHALL,1
LEEANDER,LEANDER,1
LEEANNA,LEANNA,2
LEELUI,LEE,1
LEEROY,LEROY,1
LEILA,LELA,2
LEINA,LENA,2
LELAH,LELA,2
LELIE,LELSIE,2
LELLA,LELA,2
LEM,LEMUEL,1
LEMIEL,LEMUEL,1
LEMUAL,LEMUEL,1
LEMUL,LEMUEL,1
LEN,LEONARD,1
LEN,LENORA,2
LENAH,LENA,2
LENAR,LENORE,2
LENARD,LEONARD,1
LENI,LENA,2
LENIA,LENA,2
LENN,LEONARD,1
LENNARD,LEONARD,1
LENNIE,LEONARD,1
LENNY,LEONARD,1
LENOARD,LEONARD,1
LENOR,ELEANOR,2
LENORA,ELEANOR,2
LENORAH,ELEANOR,2
LENORD,LEONARD,1
LENY,LEONARD,1
LEO,LEONARD,1
LEO,LEONARDO,2
LEOMA,LEONA,2
LEON,LEONA,2
LEONA,LEON,1
LEONADAS,LEONIDAS,1
LEONADUS,LEONIDAS,1
LEONARA,ELEANOR,2
LEONE,LEON,1
LEONE,LEONA,2
LEONHARDT,LEONHARD,1
LEONI,LEONA,2
LEONIA,LEONA,2
LEONIDES,LEONIDAS,1
LEONIDUS,LEONIDAS,1
LEONIE,LEONA,2
LEONNA,LEONA,2
LEONOR,ELEANOR,2
LEONORA,ELEANOR,2
LEONORE,ELEANOR,2
LEONREV,LEON,1
LEORA,LENORA,2
LEPOLD,LEOPOLD,1
LESLEY,LESLIE,1
LESLY,LESLIE,1
LESSIE,LESLIE,2
LESSLIE,LESLIE,1
LETA,LETITIA,2
LETETIA,LETICIA,2
LETHA,ALETHEA,2
LETHE,ALETHEA,2
LETHIA,ALETHEA,2
LETHIE,ALETHEA,2
LETHY,ALETHEA,2
LETIA,LETITIA,2
LETICIA,LETITIA,2
LETIE,LETITIA,2
LETTA,LETITIA,2
LETTIA,LETITIA,2
LETTICE,LETITIA,2
LETTICIA,LETITIA,2
LETTIE,LETITIA,2
LETTITIA,LETITIA,2
LETTUCE,LETTICE,2
LETTY,LETTIE,2
LEUCINDA,LUCINDA,2
LEUELLA,LOUELLA,2
LEUIS,LOUIS,1
LEUISA,LOUISA,2
LEUNGCHIN,LEUNG,1
LEVENA,LAVINIA,2
LEVENIA,LUVENIA,2
LEVINA,LAVINIA,2
LEVINIA,LAVINIA,2
LEVISA,LOVISA,2
LEVONIA,LAVINIA,2
LEVY,LEVI,1
LEW,LOUIS,1
LEWELLA,LOUELLA,2
LEWELLEN,LLEWELYN,2
LEWELLYN,LLYWELYN,1
LEWES,LOUIS,1
LEWEY,LOUIS,1
LEWIE,LOUIS,1
LEWIS,LOUISE,2
LEWISA,LOUISA,2
LEWUELLEN,LLYWELYN,1
LEWUELLIN,LLYWELYN,1
LEWY,LOUIS,1
LEWYALLEN,LLYWELYN,1
LEWYELEN,LLYWELYN,1
LEWYELIN,LLYWELYN,1
LEWYELLAN,LLYWELYN,1
LEWYELLEN,LLYWELYN,1
LEWYLIN,LLYWELYN,1
LEWYLLAN,LLYWELYN,1
LEWYLLEN,LLYWELYN,1
LEWYLLIN,LLYWELYN,1
LEWYLLYN,LLYWELYN,1
LEWYLYN,LLYWELYN,1
LEZZIE,ELIZABETH,2
LHEWLYN,LLYWELYN,1
LIB,ELIZABETH,2
LIBBIE,ELIZABETH,2
LIBBY,ELIZABETH,2
LIBIE,ELIZABETH,2
LIBY,ELIZABETH,2
LIDA,LYDIA,2
LIDDA,LYDIA,2
LIDDIA,LYDIA,2
LIDDIE,LYDIA,2
LIDDY,LYDIA,2
LIDEA,LYDIA,2
LIDEY,LYDIA,2
LIDIA,LYDIA,2
LIDIE,LYDIA,2
LIDY,LYDIA,2
LIELA,LILLIAN,2
LIGE,ELIJAH,1
LILE,LILLIAN,2
LILEY,LILLIAN,2
LILIA,LILLIAN,2
LILIAN,LILLIAN,2
LILIE,LILLIAN,2
LILL,LILLIAN,2
LILLE,LILLIAN,2
LILLER,LILLIAN,2
LILLEY,LILLIAN,2
LILLI,LILLIAN,2
LILLIA,LILLIAN,2
LILLIAM,LILLIAN,2
LILLIE,LILLIAN,2
LILLIEN,LILIAN,2
LILLIN,LILLIAN,2
LILLION,LILIAN,2
LILLIS,LILLIAN,2
LILLY,LILLIAN,2
LILY,LILLIAN,2
LIMON,LYMAN,1
LINA,LENA,2
LINAS,LINUS,1
LINCON,LINCOLN,1
LINDIE,LINDA,2
LINDON,LYNDON,1
LINDSAY,LINDSEY,1
LINDSY,LINDSEY,1
LINDY,LINDA,2
LINNIEFB,LINNIE,2
LINSEY,LINDSAY,1
LINSY,LINDSEY,1
LINZY,LINDSEY,1
LIONA,LEONA,2
LISA,ELIZABETH,2
LISABETH,ELIZABETH,2
LISBETH,ELIZABETH,2
LISE,ELIZABETH,2
LISEY,ELIZABETH,2
LISIA,ELIZABETH,2
LISIE,ELIZABETH,2
LISSA,LISA,2
LISSE,ELIZABETH,2
LISSEY,ELIZABETH,2
LISSI,ELIZABETH,2
LISSIE,ELIZABETH,2
LISSY,ELIZABETH,2
LITITIA,LETICIA,2
LITTIE,LETITIA,2
LITTY,LETITIA,2
LIVI,LIVY,1
LIVINA,LAVINIA,2
LIVINIA,LAVINIA,2
LIVONA,LAVINIA,2
LIVONIA,LAVINIA,2
LIZ,ELIZABETH,2
LIZA,ELIZABETH,2
LIZABETH,ELIZABETH,2
LIZAR,ELIZABETH,2
LIZE,ELIZABETH,2
LIZEBETH,ELIZABETH,2
LIZER,ELIZABETH,2
LIZETTA,ELIZABETH,2
LIZETTE,ELIZABETH,2
LIZEY,ELIZABETH,2
LIZIA,ELIZABETH,2
LIZIE,ELIZABETH,2
LIZY,ELIZABETH,2
LIZZ,ELIZABETH,2
LIZZA,ELIZABETH,2
LIZZE,ELIZABETH,2
LIZZEE,ELIZABETH,2
LIZZEY,ELIZABETH,2
LIZZI,ELIZABETH,2
LIZZIA,ELIZABETH,2
LIZZIE,ELIZABETH,2
LIZZY,ELIZABETH,2
LLEWELLYN,LLYWELYN,1
LLEWELYN,LLYWELYN,1
LLOID,LLOYD,1
LOELLA,LUELLA,2
LOESA,LOUISA,2
LOESIA,LOUISA,2
LOEZA,LOUISA,2
LOID,LLOYD,1
LOIS,LOUIS,1
LOISA,LOUISA,2
LOISE,LOUISE,2
LOIZA,LOUISA,2
LOLA,DOLORES,2
LOLIE,LOUISE,2
LOLLA,LOLA,2
LOLO,LOLA,2
LON,ALONSO,1
LONI,ALONSO,1
LONIA,LEONA,2
LONIE,ALONZO,1
LONNIE,ALONSO,1
LONNY,ALONZO,1
LONZA,ALONZO,1
LONZO,ALONZO,1
LOO,LEWIS,1
LORA,LAURA,1
LORA,LAURA,2
LORAH,LAURA,2
LORAIN,LORRAINE,1
LORAIN,LORRAINE,2
LORAINE,LORRAINE,2
LORAN,LOREN,1
LORANA,LORENA,2
LORANCE,LAWRENCE,1
LORANE,LORRAINE,2
LORANIA,LORENA,2
LORANZA,LORENZO,1
LORANZO,LORENZO,1
LORENCE,LAWRENCE,1
LORENE,LORENA,2
LORENIA,LORENA,2
LORENSO,LORENZO,1
LORENTZ,LORENZO,1
LORENZ,LORENZO,1
LORENZA,LORENZO,1
LORENZE,LORENZO,1
LORETA,LORETTA,2
LORETTE,LORETTA,2
LORETTO,LORETTA,2
LOREY,LAURA,2
LORI,LAURA,2
LORIE,LAURA,2
LORIN,LOREN,1
LORINA,LORENA,2
LORINE,LORRAINE,2
LORRA,LAURA,2
LORRETTA,LORETTA,2
LORRIE,LAURA,2
LORRY,LAURA,2
LOTA,CHARLOTTE,2
LOTIE,CHARLOTTE,2
LOTT,LOT,1
LOTTA,CHARLOTTE,2
LOTTE,CHARLOTTE,2
LOTTIA,CHARLOTTE,2
LOTTIE,CHARLOTTE,2
LOTTY,CHARLOTTE,2
LOU,LOUISE,2
LOU,LOUIS,1
LOUANN,LUANN,2
LOUANNA,LUANNA,2
LOUCINDA,LUCINDA,2
LOUCRETIA,LUCRETIA,2
LOUCY,LUCY,2
LOUE,LOUIS,1
LOUEASA,LOUISA,2
LOUEISA,LOUISA,2
LOUELA,LOUELLA,2
LOUELLA,LUELLA,2
LOUESA,LOUISA,2
LOUESE,LOUISE,2
LOUESIA,LOUISA,2
LOUEY,LOUIS,1
LOUEZA,LOUISA,2
LOUI,LOUIS,1
LOUI,LOUISE,2
LOUIE,LOUIS,1
LOUIE,LOUIS,2
LOUIESA,LOUISA,2
LOUIS,LOUISE,2
LOUISANA,LOUISIANA,2
LOUISANNA,LOUISIANA,2
LOUISC,LEWIS,1
LOUISE,LEWIS,1
LOUISEA,LOUISA,2
LOUISER,LOUISE,2
LOUISEY,LOUISA,2
LOUISIA,LOUISA,2
LOUISIANNA,LOUISIANA,2
LOUISIE,LOUISA,2
LOUISMW,LEWIS,1
LOUISS,LEWIS,1
LOUISSA,LOUISA,2
LOUIZA,LOUISA,2
LOUIZE,LOUISE,2
LOULA,LULA,2
LOULIE,LULA,2
LOURA,LAURA,2
LOURANA,LORENA,2
LOURENA,LORENA,2
LOURETTA,LORETTA,2
LOURINDA,LORINDA,2
LOUS,LOUIS,1
LOUSA,LOUISA,2
LOUSANA,LOUISIANA,2
LOUSE,LOUISE,2
LOUSETTA,LUZETTA,2
LOUSIA,LOUISA,2
LOUSIE,LOUISE,2
LOUSINDA,LUCINDA,2
LOUVENA,LAVINIA,2
LOUVENIA,LUVENIA,2
LOUVINA,LAVINIA,2
LOUVINIA,LAVINIA,2
LOUVISA,LOUISE,2
LOVELLA,LOUELLA,2
LOVENA,LAVINIA,2
LOVENIA,LAVINIA,2
LOVEY,LAVINIA,2
LOVINIA,LAVINIA,2
LOWESA,LOUISA,2
LOWIS,LEWIS,1
LOWISA,LOUISA,2
LOYALAM,LOYALA,2
LOYD,LLOYD,1
LOYED,LLOYD,1
LU,LUCY,2
LUCE,LUCY,2
LUCELIA,LUCILLA,2
LUCENDA,LUCINDA,2
LUCENIA,LUCINA,2
LUCETTE,LUCY,2
LUCEY,LUCILLE,2
LUCI,LUCRETIA,2
LUCIE,LUCILLE,2
LUCIEN,LUCIAN,1
LUCILE,LUCILLE,2
LUCILLAM,LUCILLA,2
LUCIND,LUCINDA,2
LUCINDE,LUCINDA,2
LUCINDIA,LUCINDA,2
LUCINDY,LUCINDA,2
LUCION,LUCIAN,1
LUCIOUS,LUCIUS,1
LUCRECIA,LUCRETIA,2
LUCRESIA,LUCRETIA,2
LUCRITIA,LUCRETIA,2
LUCUIS,LUCIUS,1
LUCUS,LUCAS,1
LUCY,LUCIUS,1
LUD,LUDWIG,1
LUDMILLAM,LUDMILLA,2
LUE,LOUISE,2
LUE,LOUIS,1
LUELA,LUELLA,2
LUELLEN,LLEWELYLN,1
LUELLER,LOUELLA,2
LUESA,LOUISA,2
LUESIA,LOUISA,2
LUEY,LOUIS,1
LUEZA,LOUISA,2
LUIE,LOUIS,1
LUIE,LOUISE,2
LUIS,LOUIS,1
LUISA,LOUISA,2
LUISE,LOUISE,2
LUISIA,LOUISA,2
LUIZA,LOUISA,2
LUKE,LUCAS,1
LULAH,LULA,2
LULE,LULA,2
LULER,LULA,2
LULEY,LULA,2
LULIA,LULA,2
LULIE,LULA,2
LULLA,LULA,2
LULLIE,LULA,2
LULLU,LULU,2
LULO,LULU,2
LULU,LUCILLE,2
LULY,LUCILLE,2
LUPE,GUADALUPE,2
LURA,LAURA,2
LURANA,LORENA,2
LURANEY,LORRAINE,2
LURANIA,LORENA,2
LURANY,LORENA,2
LURENA,LORENA,2
LURENIA,LORENA,2
LURETTA,LORETTA,2
LURINA,LORENA,2
LURINDA,LORINDA,2
LUSA,LOUISA,2
LUSETTA,LUCETTA,2
LUSEY,LUCY,2
LUSIA,LUCIA,2
LUSIE,LOUSIE,2
LUSINA,LUCINA,2
LUSINDA,LUCINDA,2
LUSINDY,LUCINDA,2
LUSY,LUCY,2
LUTECIA,LETICIA,2
LUTETIA,LETITIA,2
LUTHUR,LUTHER,1
LUTICIA,LETICIA,2
LUTISHA,LETICIA,2
LUTITIA,LETICIA,2
LUVENA,LAVINIA,2
LUVENIA,LAVINIA,2
LUVINA,LUVENIA,2
LUVINIA,LAVINIA,2
LUVISA,LOVISA,2
LYDA,LYDIA,2
LYDDA,LYDIA,2
LYDDIA,LYDIA,2
LYDDIE,LYDIA,2
LYDE,LYDIA,2
LYDEA,LYDIA,2
LYDIAN,LYDIA,2
LYDIE,LYDIA,2
LYLA,LILA,2
LYNDA,LINDA,2
MABELL,MABEL,2
MABELLE,MABEL,2
MABLE,MABEL,2
MAC,MACK,1
MACHAEL,MICHAEL,1
MADALENA,MAGDALENA,2
MADALINE,MADELINE,2
MADDIE,MADELINE,2
MADDISON,MADISON,1
MADELAINE,MAGDALENE,2
MADELINA,MAGDALENA,2
MADELINE,MAGDALENE,2
MADGE,MARGARET,2
MADGIE,MADGE,2
MADIE,MADELEINE,2
MADLINE,MAGDALENE,2
MAG,MARGARET,2
MAGALINE,MAGDALENE,2
MAGARET,MARGARET,2
MAGARETH,MAGARET,2
MAGARETHA,MARGARETHA,2
MAGARETT,MARGARET,2
MAGDA,MAGDALENE,2
MAGDALANA,MAGDALENA,2
MAGDALEN,MAGDALENE,2
MAGDALIN,MAGDALENE,2
MAGDALINA,MAGDALENA,2
MAGDALINE,MAGDALENE,2
MAGDELANA,MAGDALENA,2
MAGDELANE,MAGDALENE,2
MAGDELEN,MAGDALENE,2
MAGDELENA,MAGDALENA,2
MAGDELENE,MAGDALENE,2
MAGDELINA,MAGDALENA,2
MAGDELINE,MAGDALENA,2
MAGDLENA,MAGDALENE,2
MAGE,MARGARET,2
MAGERET,MARGARET,2
MAGERETH,MARGARET,2
MAGEY,MARGARET,2
MAGG,MARGARET,2
MAGGA,MARGARET,2
MAGGE,MARGARET,2
MAGGEY,MARGARET,2
MAGGI,MARGARET,2
MAGGIE,MARGARET,2
MAGGY,MARGARET,2
MAGIE,MARGARET,2
MAGNOLA,MAGNOLIA,2
MAGRET,MARGARET,2
MAGRETH,MARGARET,2
MAGRETHA,MARGARETTA,2
MAGRETT,MARGARET,2
MAGT,MARGARET,2
MAGY,MARGARET,2
MAHALAH,MAHALA,2
MAHALE,MAHALA,2
MAHALEY,MAHALA,2
MAHALIA,MAHALA,2
MAHALIE,MAHALA,2
MAHALY,MAHALA,2
MAHELA,MAHALA,2
MAHITABLE,MEHETABEL,2
MAHLAH,MAHALA,2
MAHOLA,MAHALA,2
MAIME,MAMMIE,2
MAIRY,MARY,2
MAK,MACK,1
MAL,MALCOLM,1
MALCOM,MALCOLM,1
MALCOMB,MALCOLM,1
MALCUM,MALCOLM,1
MALENA,MALINA,2
MALENDA,MELINDA,2
MALESSA,MELISSA,2
MALICHI,MALACHI,1
MALILDA,MATILDA,2
MALIND,MALINDA,2
MALINDA,MELINDA,2
MALINDE,MELINDA,2
MALINDIA,MELINDA,2
MALINDY,MELINDA,2
MALINE,MALINA,2
MALISA,MELISSA,2
MALISEY,MELISSA,2
MALISIA,MELISSA,2
MALISIE,MELISSA,2
MALISSA,MELISSA,2
MALISSE,MELISSA,2
MALISSEY,MELISSA,2
MALISSIA,MELISSA,2
MALISSIE,MELISSA,2
MALISSY,MELISSA,2
MALLIE,MARY,2
MALLISA,MELISSA,2
MALLISSA,MELISSA,2
MALVENA,MALVINA,2
MALVIN,MELVIN,1
MALVINE,MALVINA,2
MALVINIA,MALVINA,2
MAME,MAMMIE,2
MAMMIE,MAMIE,2
MAMY,MAMMIE,2
MANASSA,MANASSEH,1
MANCY,NANCY,2
MAND,AMANDA,2
MANDA,AMANDA,2
MANDAY,AMANDA,2
MANDE,AMANDA,2
MANDEY,AMANDA,2
MANDIE,AMANDA,2
MANDY,AMANDA,2
MANERVA,MINERVA,2
MANERVEY,MINERVA,2
MANERVIA,MINERVA,2
MANERVY,MINERVA,2
MANEVA,MINERVA,2
MANIRVA,MINERVA,2
MANLY,MANLEY,1
MANNIE,EMMANUEL,1
MANNY,EMMANUEL,1
MANOEL,MANUEL,1
MANUAL,MANUEL,1
MANUEL,EMMANUEL,1
MANUELLA,MANUELA,2
MANUL,MANUEL,1
MANURVA,MINERVA,2
MARAGET,MARGARET,2
MARAGRET,MARGARET,2
MARANDA,MIRANDA,2
MARANDY,MIRANDA,2
MARARET,MARGARET,2
MARAY,MARY,2
MARC,MARCUS,1
MARCELA,MARCELLA,2
MARCELIA,MARCELLA,2
MARCELLAS,MARCELLUS,1
MARCELUS,MARCELLUS,1
MARCIAL,MARTIAL,1
MARCIE,MARCIA,2
MARCILLA,MARCELLA,2
MARCOS,MARCUS,1
MARCY,MARCIA,2
MAREA,MARIA,2
MARETTA,MARIETTA,2
MAREY,MARY,2
MARG,MARGARET,2
MARGA,MARGARET,2
MARGAET,MARGARET,2
MARGAR,MARGARET,2
MARGARAT,MARGARET,2
MARGARATE,MARGARET,2
MARGARETA,MARGARETTA,2
MARGARETHA,MARGARETTA,2
MARGARETHE,MARGARETH,2
MARGARETT,MARGARET,2
MARGARIET,MARGARET,2
MARGARIT,MARGARET,2
MARGARITE,MARGARETE,2
MARGARITT,MARGARET,2
MARGARRET,MARGARETT,2
MARGART,MARGARET,2
MARGARTT,MARGARET,2
MARGARY,MARGARET,2
MARGAT,MARGARET,2
MARGE,MARGARET,2
MARGERAT,MARGARET,2
MARGERATE,MARGARET,2
MARGERET,MARGARET,2
MARGERETA,MARGARETTA,2
MARGERETH,MARGARETH,2
MARGERETHA,MARGARETHA,2
MARGERETHE,MARGARET,2
MARGERETT,MARGARET,2
MARGERETTA,MARGARETTA,2
MARGERETTE,MARGARETTE,2
MARGERIT,MARGERET,2
MARGERITE,MARGARET,2
MARGERT,MARGARET,2
MARGERY,MARGARET,2
MARGET,MARGARET,2
MARGETT,MARGARET,2
MARGETTA,MARGARETTA,2
MARGETTE,MARGARETTE,2
MARGGRET,MARGARET,2
MARGIA,MARGARET,2
MARGIE,MARGARET,2
MARGIT,MARGARET,2
MARGORET,MARGARET,2
MARGRAET,MARGARET,2
MARGRAT,MARGARET,2
MARGRATE,MARGARET,2
MARGREAT,MARGARET,2
MARGRED,MARGARET,2
MARGRET,MARGARET,2
MARGRETA,MARGARETTA,2
MARGRETE,MARGARET,2
MARGRETH,MARGARET,2
MARGRETHA,MARGARETHA,2
MARGRETHE,MARGARETH,2
MARGRETT,MARGARETT,2
MARGRETTA,MARGARETTA,2
MARGRETTE,MARGARET,2
MARGRIT,MARGARET,2
MARGRITE,MARGARET,2
MARGRITT,MARGARET,2
MARGRT,MARGARET,2
MARGT,MARGARET,2
MARGUERET,MARGARET,2
MARGUERIT,MARGUERITE,2
MARGURET,MARGARET,2
MARGURETT,MARGARET,2
MARGURETTE,MARGARETTE,2
MARGURITE,MARGUERITE,2
MARGY,MARGARET,2
MARI,MARY,2
MARIAM,MIRIAM,2
MARIAN,MARION,1
MARIEN,MARION,1
MARIEN,MARIAN,2
MARIER,MARY,2
MARIETT,MARIETTA,2
MARJORIE,MARGARET,2
MARJORY,MARGARET,2
MARKE,MARCUS,1
MARKUS,MARCUS,1
MARLIN,MARLON,1
MARQUES,MARQUIS,1
MARRETTA,MARIETTA,2
MARRIA,MARIA,2
MARRIAH,MARIAH,2
MARRIAN,MARIAN,2
MARRIE,MARY,2
MARRIETTA,MARIETTA,2
MARRION,MARION,1
MARRION,MARION,2
MARRY,MARY,2
MARSELLA,MARCELLA,2
MARSELLUS,MARCELLUS,1
MARSHA,MARCIA,2
MARSHAL,MARSHALL,1
MARSHEL,MARSHALL,1
MARSHELL,MARSHALL,1
MART,MARTIN,1
MART,MARTHA,2
MARTAIN,MARTIN,1
MARTEN,MARTIN,1
MARTENA,MARTHA,2
MARTH,MARTHA,2
MARTHE,MARTHA,2
MARTHEA,MARTHIA,2
MARTHER,MARTHA,2
MARTHEY,MARTHA,2
MARTHIA,MARTHA,2
MARTHIE,MARTHA,2
MARTHIN,MARTIN,1
MARTHY,MARTHA,2
MARTIE,MARTIN,1
MARTITIA,LAWRENCE,2
MARTON,MARTIN,1
MARTY,MARTHA,2
MARTY,MARTIN,1
MARTYN,MARTIN,1
MARVEN,MARVIN,1
MARYAN,MARYANN,2
MARYETT,MARIETTA,2
MARYETTA,MARIETTA,2
MARYETTE,MARIETTA,2
MARYFW,MARY,2
MASES,MOSES,1
MASOURI,MISSOURI,2
MAT,MATTHEW,1
MAT,MATILDA,2
MATA,MATILDA,2
MATELDA,MATILDA,2
MATH,MATTHEW,1
MATHAIS,MATHIAS,1
MATHEAS,MATHIAS,1
MATHES,MATHIAS,1
MATHEW,MATTHEW,1
MATHEWS,MATTHEW,1
MATHIE,MATILDA,2
MATHIES,MATHIAS,1
MATHIEW,MATTHEW,1
MATHILDA,MATILDA,2
MATHILDE,MATILDA,2
MATHIS,MATHIAS,1
MATHIUS,MATHIAS,1
MATHY,MATILDA,2
MATIAS,MATHIAS,1
MATIDA,MATILDA,2
MATIE,MATILDA,2
MATILD,MATILDA,2
MATILDE,MATILDA,2
MATILDIA,MATILDA,2
MATILDY,MATILDA,2
MATILLDA,MATILDA,2
MATT,MATTHEW,1
MATTA,MATILDA,2
MATTE,MATILDA,2
MATTEY,MATILDA,2
MATTHEWS,MATTHEW,1
MATTHIAS,MATHIAS,1
MATTI,MATILDA,2
MATTIAS,MATHIAS,1
MATTIE,MATILDA,2
MATTIE,MATTHEW,1
MATTILDA,MATILDA,2
MATTY,MATILDA,2
MATY,MATILDA,2
MAUDA,MAUD,2
MAUDE,MAUD,2
MAUDEA,MAUD,2
MAUDIE,MAUD,2
MAUDY,MAUD,2
MAURY,MAURICE,1
MAX,MAXIMILIAN,1
MAXEY,MAXIMILIAN,1
MAXIE,MAXINE,2
MAXIE,MAXIMILIAN,1
MAXIME,MAXIMILIAN,1
MAXIMILLIAN,MAXIMILIAN,1
MAXIMO,MAXIMILIAN,1
MAXMILLIAN,MAXIMILIAN,1
MAYBEL,MAYBELLE,2
MAYBELL,MAYBELLE,2
MAYHEW,MATTHEW,1
MAYMEFW,MAYME,2
MAZIE,MACY,2
MC,MICHAEL,1
MCD,MARSHALL,1
MD,WILLIAM,1
MD,EHRES,2
MEAD,MEADE,1
MEDA,MARGARET,2
MEDORA,MADORA,2
MEENA,WILHELMINA,2
MEGGIE,MARGARET,2
MEHALA,MAHALA,2
MEHETABLE,MEHETABEL,2
MEHITABLE,MEHETABEL,2
MEL,MELVIN,1
MELCHOR,MELCHIOR,1
MELENA,MELINA,2
MELESSA,MELISSA,2
MELISA,MELISSA,2
MELISIA,MELISSA,2
MELISSE,MELISSA,2
MELISSIA,MELISSA,2
MELISSIE,MELISSA,2
MELLA,MELLISSA,2
MELLIE,MELLISSA,2
MELLISA,MELISSA,2
MELLISSA,MELISSA,2
MELLY,MELLISSA,2
MELTON,MILTON,1
MELVEN,MELVIN,1
MELVENA,MALVINA,2
MELVIL,MELVILLE,1
MELVILL,MELVILLE,1
MELVINA,MALVINA,2
MELVINE,MELVIN,1
MELVINE,MALVINA,2
MELVINIA,MALVINA,2
MENA,WILHELMINA,2
MENERVA,MINERVA,2
MENERVIA,MINERVA,2
MENIRVA,MINERVA,2
MENTA,ARMINTA,2
MERANDA,MIRANDA,2
MERCED,MERCEDES,2
MERCEY,MERCY,2
MERIAH,MARIAH,2
MERIAM,MIRIAM,2
MERICA,AMERICA,2
MERIDETH,MEREDITH,1
MERIDITH,MEREDITH,1
MERINDA,MARINDA,2
MERLEB,MERLE,1
MERRIAM,MIRIAM,2
MERRIT,MERRITT,1
MERRY,MARY,2
MERTIE,MYRTLE,2
MERTLE,MYRTLE,2
MERVIN,MERVYN,1
MERY,MARY,2
META,MARGARETTA,2
METHIAS,MATHIAS,1
METILDA,MATILDA,2
METTA,MARGARETTA,2
METTIE,MADISON,2
MGGIE,MARGARET,2
MGT,MARGARET,2
MIC,MICHAEL,1
MICAEL,MICHAEL,1
MICAJAH,MICAIAH,1
MICH,MICHAEL,1
MICHA,MICHAEL,1
MICHAEL,MICHAELA,2
MICHAIEL,MICHAEL,1
MICHAIL,MICHAEL,1
MICHAL,MICHAEL,1
MICHALE,MICHAEL,1
MICHALL,MICHAEL,1
MICHEAL,MICHAEL,1
MICHEL,MICHAEL,1
MICHEL,MICHELLE,2
MICHELL,MICHAEL,1
MICHIAL,MICHAEL,1
MICHIEL,MICHAEL,1
MICHL,MICHAEL,1
MICHLE,MICHAEL,1
MICHUL,MICHAEL,1
MICK,MICHAEL,1
MICKAEL,MICHAEL,1
MICKEL,MICHAEL,1
MICKEY,MICHAELA,2
MICLE,MICHAEL,1
MIK,MICHAEL,1
MIKAEL,MICHAEL,1
MIKE,MICHAEL,1
MIKEL,MICHAEL,1
MIKLE,MICHAEL,1
MILARD,MILLARD,1
MILDRID,MILDRED,2
MILIE,MILLIE,2
MILINDA,MELINDA,2
MILISSA,MELISSA,2
MILLER,MELINDA,2
MILLERD,MILLARD,1
MILLEY,MILLIE,2
MILLIARD,MILLARD,1
MILLIE,EMILY,2
MILLISA,MELISSA,2
MILLISSA,MELISSA,2
MILT,MILTON,1
MILTEN,MILTON,1
MILVINA,MALVINA,2
MIMI,MIRIAM,2
MIMIE,MIRIAM,2
MINA,WILHELMINA,2
MINDA,MELINDA,2
MINDY,MELINDA,2
MINE,WILHELMINA,2
MINER,MINOR,1
MINERVIA,MINERVA,2
MINERVY,MINERVA,2
MINEVA,MINERVA,2
MINEY,MARY,2
MINIE,MARY,2
MINIRVA,MINERVA,2
MINN,MARY,2
MINNA,WILHELMINA,2
MINNE,WILHELMINA,2
MINNERVA,MINERVA,2
MINNEY,WILHELMINA,2
MINNI,WILHELMINA,2
MINNIA,WILHELMINA,2
MINNIE,WILHELMINA,2
MINNIE,WILHELMINA,1
MINNY,WILHELMINA,2
MINTA,ARMINTA,2
MINTIE,ARAMINTA,2
MINTY,ARMINTA,2
MINUS,MANUS,1
MINY,WILHELMINA,2
MIRAM,MIRIAM,2
MIRIAN,MIRIAM,2
MIRINDA,MARINDA,2
MIRON,MYRON,1
MIRRIAM,MIRIAM,2
MIRTIE,MYRTLE,2
MIRTLE,MYRTLE,2
MISOURA,MISSOURI,2
MISOURI,MISSOURI,2
MISOURIA,MISSOURI,2
MISOURIE,MISSOURI,2
MISSEY,MELISSA,2
MISSIE,MELISSA,2
MISSOURA,MISSOURI,2
MISSOURIA,MISSOURI,2
MISSOURIE,MISSOURI,2
MISSY,MELISSA,2
MIT,MITCHELL,1
MITCH,MITCHELL,1
MITCHAEL,MITCHELL,1
MITCHEL,MITCHELL,1
MITILDA,MATILDA,2
MOLEY,MOLLIE,2
MOLIE,MOLLIE,2
MOLINDA,MELINDA,2
MOLISSA,MELISSA,2
MOLLEY,MOLLIE,2
MOLLIE,MARY,2
MOLLY,MARY,2
MONIKA,MONICA,2
MONRO,MONROE,1
MONROW,MONROE,1
MONT,MONTGOMERY,1
MORANDA,MIRANDA,2
MORDICA,MORDECAI,1
MORIAH,MARIAH,2
MORICE,MAURICE,1
MORIS,MORRIS,1
MORISON,MORRISON,1
MORRICE,MAURICE,1
MORRISS,MORRIS,1
MORT,MORTIMER,1
MORTHA,MARTHA,2
MORTIMOR,MORTIMER,1
MORTIMORE,MORTIMER,1
MORTIN,MORTON,1
MOSE,MOSES,1
MOSOURI,MISSOURI,2
MOSSES,MOSES,1
MRC,JOHANNA,2
MRY,MARY,2
MULVINA,MALVINA,2
MUNRO,MONROE,1
MUNROE,MONROE,1
MUNROW,MONROE,1
MURDOCK,MURDOCH,1
MURIAH,MARIAH,2
MURRY,MURRAY,1
MURTIE,MYRTLE,2
MURTLE,MYRTLE,2
MURTY,MYRTLE,2
MYRAH,MYRA,2
MYRAN,MYRON,1
MYRIA,MYRA,2
MYRTEL,MYRTLE,2
MYRTIE,MYRTLE,2
MYTLE,MYRTLE,2
NACY,NANCY,2
NAHAM,NAHUM,1
NAMIE,NAOMI,2
NAN,NANCY,2
NANCE,NANCY,2
NANCEY,NANCY,2
NANCIE,NANCY,2
NANEY,NANNIE,2
NANIE,ANNE,2
NANNETTE,ANNETTE,2
NANNEY,NANNIE,2
NANNI,NANNIE,2
NANNIE,ANNE,2
NANNY,NANNIE,2
NANSEY,NANCY,2
NANSY,NANCY,2
NANY,NANNY,2
NAOMA,NAOMI,2
NAOMIA,NAOMI,2
NAOMIE,NAOMI,2
NAOMY,NAOMI,2
NAPOLEAN,NAPOLEON,1
NAPOLIAN,NAPOLEON,1
NAPOLION,NAPOLEON,1
NARCIS,NARCISSA,2
NARCISA,NARCISSA,2
NARCISS,NARCISSA,2
NARCISSE,NARCISSUS,1
NARCISUS,NARCISSUS,2
NARSIS,NARCISSA,2
NARSISSA,NARCISSA,2
NAT,NATHANIEL,1
NATE,NATHANIEL,1
NATH,NATHANIEL,1
NATHALIE,NATALIE,2
NATHANAEL,NATHANIEL,1
NATHANAL,NATHANIEL,1
NATHANEL,NATHANIEL,1
NATHANIAL,NATHANIEL,1
NATHANIL,NATHANIEL,1
NATHANL,NATHANIEL,1
NATHANUEL,NATHANIEL,1
NATHEN,NATHANIEL,1
NATHL,NATHANIEL,1
NATHON,NATHAN,1
NATT,NATHANIEL,1
NATTIE,NATHANIEL,1
NAVADA,NEVADA,2
NAY,MARSHALL,1
NEAL,NEIL,1
NED,EDWARD,1
NEDDIE,EDWARD,1
NEEL,NEIL,1
NEIL,NEAL,1
NEILL,NEIL,1
NEILS,NIELS,1
NELIA,ELEANOR,2
NELIE,NELLIE,2
NELL,ELEANOR,2
NELLA,ELEANOR,2
NELLEY,NELLIE,2
NELLIE,ELEANOR,2
NELLY,ELEANOR,2
NELSE,NELS,1
NELY,NELLIE,2
NEMIAH,NEHEMIAH,1
NENA,NINA,2
NEOMA,NAOMI,2
NEOMI,NAOMI,2
NEPOLEON,NAPOLEAN,1
NEPOLIAN,NAPOLEON,1
NERVA,MANERVA,2
NERVIE,MINERVA,2
NERVY,MINERVA,2
NET,NETTIE,2
NETTY,NETTIE,2
NEUTON,NEWTON,1
NEWT,NEWTON,1
NEWTEN,NEWTON,1
NEY,MARSHALL,1
NIC,NICHOLAS,1
NICH,NICHOLAS,1
NICHLAS,NICHOLAS,1
NICHLOS,NICHOLAS,1
NICHOL,NICHOLAUS,1
NICHOLAUS,NICHOLAS,1
NICHOLES,NICHOLAS,1
NICHOLIS,NICHOLAS,1
NICHOLOS,NICHOLAS,1
NICHOLS,NICHOLAS,1
NICHOLUS,NICHOLAS,1
NICK,NICHOLAS,1
NICKLAS,NICHOLAS,1
NICKLAUS,NICHOLAS,1
NICKLOS,NICHOLAS,1
NICKOLAS,NICHOLAS,1
NICKOLAUS,NICHOLAS,1
NICLAUS,NICHOLAS,1
NICOLAS,NICHOLAS,1
NICOLAUS,NICHOLAS,1
NICOLUS,NICHOLAS,1
NICY,NANCY,2
NIEL,NEIL,1
NIELS,NELS,1
NILES,NILS,1
NILLIE,DANIELLE,2
NINIE,NINNIE,2
NINNA,NINA,2
NOA,NOAH,1
NOE,NOAH,1
NOLAND,NOLAN,1
NONAME,NO,2
NORAH,NORA,2
NORMON,NORMAN,1
NORRA,NORA,2
NUTE,KNUT,1
NUTON,NEWTON,1
NUTTN,NUTTON,1
OBE,OBADIAH,1
OBED,OBADIAH,1
OBEDIAH,OBADIAH,1
OBID,OBADIAH,1
OBIDIAH,OBADIAH,1
OBIE,OBADIAH,1
OCAR,OSCAR,1
OCTA,OCTAVIA,2
OCTAVA,OCTAVIA,2
OCTAVE,OCTAVIUS,1
OCTAVIE,OCTAVIA,2
OCTAVO,OCTAVIA,2
OCTAVUS,OCTAVIUS,1
ODELE,ODELIA,2
ODILLE,ODELIA,2
OFELIA,OPHELIA,2
OHHEA,OH,2
OLANDO,ORLANDO,1
OLAVA,OLIVIA,2
OLAVER,OLIVER,1
OLDSAM,OLD,1
OLDSARAH,OLD,2
OLEF,OLAF,1
OLEVER,OLIVER,1
OLEVIA,OLIVIA,2
OLEY,OLIVE,2
OLIA,OLIVIA,2
OLIE,OLIVE,2
OLIE,OLIVER,1
OLIF,OLAF,1
OLIVA,OLIVIA,2
OLIVAR,OLIVER,1
OLIVE,OLIVER,1
OLIVIE,OLIVIA,2
OLIVIER,OLIVER,1
OLLA,OLIVIE,2
OLLEY,OLIVE,2
OLLEY,OLIVER,1
OLLIE,OLIVER,2
OLLIE,OLIVER,1
OLLIVE,OLIVE,2
OLLIVER,OLIVER,1
OLLY,OLIVE,2
OLLY,OLIVER,1
OLOF,OLAF,1
OLOFF,OLAF,1
OLONZO,ALONZO,1
OLOVER,OLIVER,1
OLUF,OLAF,1
OLY,OLIVER,1
OLYMPE,OLYMPIA,2
ONAREL,ONA,2
OPELIA,OPHELIA,2
OPHILIA,OPHELIA,2
ORELIA,AURELIA,2
ORELLA,AURELIA,2
ORESTUS,ORESTES,1
ORILLA,AURILLA,2
ORIN,ORRIN,1
ORISON,ORSON,1
ORLAND,ORLANDO,1
ORLANDA,ORLANDO,1
ORLANDER,ORLANDO,1
ORON,ORRIN,1
ORRA,AURA,2
ORREN,ORRIN,1
ORRISON,ORSON,1
ORVAL,ORVILLE,1
ORVEL,ORVILLE,1
ORVIL,ORVILLE,1
ORVILL,ORVILLE,1
OSCA,OSCAR,1
OSCER,OSCAR,1
OSCHAR,OSCAR,1
OSCOR,OSCAR,1
OSCUR,OSCAR,1
OSGAR,OSCAR,1
OSKA,OSCAR,1
OSKAR,OSCAR,1
OSKER,OSCAR,1
OTES,OTIS,1
OTEY,OTTO,1
OTHO,OTTO,1
OTIE,OTTO,1
OTILIA,OTELIA,2
OTILIE,ODELIA,2
OTILLA,OTELIA,2
OTILLIA,ODELIA,2
OTO,OTTO,1
OTT,OTTO,1
OTTA,OTTO,1
OTTELIA,ODELIA,2
OTTIE,OTTO,1
OTTIE,OTELIA,2
OTTILIA,OTELIA,2
OTTILIE,OTELIA,2
OTTILLIA,ODELIA,2
OTTILLIE,ODELIA,2
OTTIS,OTIS,1
OTTOE,OTTO,1
OTUS,OTIS,1
OVIDE,OVID,1
OWIN,OWEN,1
PALINA,PAULINA,2
PALINE,PAULINE,2
PALL,PAUL,1
PAMELIA,PAMELA,2
PARK,PARKER,1
PARLEY,PEARL,2
PARMELIA,PERMELIA,2
PARRIS,PARIS,1
PARRY,PERRY,1
PARTHENA,PARTHENIA,2
PARTHENY,PARTHENIA,2
PARTHINA,PARTHENIA,2
PASCHAL,PASCAL,1
PASQUAL,PASCAL,1
PAT,PATRICK,1
PAT,PATRICIA,2
PATCY,PATSY,2
PATER,PETER,1
PATERICK,PATRICK,1
PATIENT,PATIENCE,2
PATK,PATRICK,1
PATR,PATRICK,1
PATRIC,PATRICK,1
PATRICH,PATRICK,1
PATRIK,PATRICK,1
PATRK,PATRICK,1
PATS,PATRICK,1
PATSEY,PATSY,2
PATSIE,PATRICIA,2
PATSY,PATRICIA,2
PATT,PATRICK,1
PATTIE,PATRICIA,2
PATTRICK,PATRICK,1
PATTY,PATRICIA,2
PAULENA,PAULINA,2
PAULENE,PAULINE,2
PAULIN,PAULINE,2
PAYTON,PEYTON,1
PEARLE,PEARL,2
PEARLEY,PEARL,1
PEARLEY,PEARL,2
PEARLIE,PEARL,2
PEARLY,PEARL,1
PEARLY,PEARL,2
PEATER,PETER,1
PEDER,PETER,1
PEETER,PETER,1
PEGGIE,MARGARET,2
PEGGY,MARGARET,2
PEGY,ELIZABETH,2
PELINA,PAULINA,2
PENELOPY,PENELOPE,2
PENNEY,PENELOPE,2
PENNIE,PENELOPE,2
PENNY,PENELOPE,2
PENY,PENELOPE,2
PERCELLA,PRISCILLA,2
PERCEY,PERCY,1
PERCIE,PERCIVAL,1
PERCIE,PRISCILLA,2
PERCILLA,PRISCILLA,2
PERCIS,PERSIS,2
PERL,PEARL,2
PERL,PEARL,1
PERLE,PEARL,2
PERLEY,PEARL,1
PERLEY,PEARLY,2
PERLIE,PEARL,2
PERLY,PEARL,2
PERMELA,PERMELIA,2
PERMILIA,PERMELIA,2
PERMILLA,PERMELIA,2
PERNELIA,PERMELIA,2
PERREY,PERRY,1
PERRIE,PERRY,1
PERSEY,PERCIVAL,1
PERSILLA,PRISCILLA,2
PERSY,PERCIVAL,1
PERTHENA,PARTHENIA,2
PERY,PERRY,1
PETE,PETER,1
PETER,POETER,1
PETRE,PETER,1
PETTER,PETER,1
PHEBA,PHOEBA,2
PHEBE,PHOEBE,2
PHEBEE,PHOEBE,2
PHEBEY,PHOEBE,2
PHEBIA,PHOEBA,2
PHEBIE,PHOEBE,2
PHEBY,PHOEBE,2
PHEEBE,PHOEBE,2
PHELIX,FELIX,1
PHENA,JOSEPHINE,2
PHEOBA,PHOEBE,2
PHEOBE,PHOEBE,2
PHEOBY,PHOEBE,2
PHIDELIA,FIDELIA,2
PHIL,PHILIP,1
PHILA,PHILOMENA,2
PHILAMENA,PHILOMENA,2
PHILENA,PHILOMENA,2
PHILEP,PHILIP,1
PHILINA,PHILOMENA,2
PHILIPENA,PHILIPINA,2
PHILIPH,PHILIP,1
PHILIPP,PHILIP,1
PHILIPPINE,PHILIPINE,2
PHILIPS,PHILIP,1
PHILIS,PHYLLIS,2
PHILL,PHILIP,1
PHILLIP,PHILIP,1
PHILLIPENA,PHILIPINA,2
PHILLIPINA,PHILIPINA,2
PHILLIPINE,PHILIPINE,2
PHILLIPP,PHILIP,1
PHILLIS,PHYLLIS,2
PHILLOP,PHILIP,1
PHILMORE,FILLMORE,1
PHILOMEN,PHILOMENA,2
PHILOMINA,PHILOMENA,2
PHILOMINE,PHILOMENE,2
PHILOP,PHILIP,1
PHILOPENA,PHILIPINA,2
PHILUP,PHILIP,1
PHINEUS,PHINEAS,1
PHINIAS,PHINEAS,1
PHOBE,PHOEBE,2
PHOEBA,PHOEBE,2
PHOEBIE,PHOEBE,2
PHOEBY,PHOEBE,2
PHYLIS,PHYLLIS,2
PIER,PIERRE,1
PIETER,PETER,1
PIETJR,PIET,1
PINKEY,PINKY,2
PINKNY,PINCKNEY,1
PLEAS,PLEASANT,1
PLEASENT,PLEASANT,1
PLES,PLEASANT,1
PLESANT,PLEASANT,1
PLINA,PAULINE,2
PLINEY,PLINY,1
POLENA,PAULINA,2
POLINA,PAULINA,2
POLINE,PAULINE,2
POLLEY,POLLY,2
POLLIE,DOROTHY,2
POLY,POLLY,2
POMELIA,PAMELA,2
POMP,POMPEY,1
POMPY,POMPEY,1
PORT,PORTER,1
POVEYJNS,POVEY,2
POWBITCH,POW,2
PRACILLA,PRISCILLA,2
PRECILLA,PRESCILLA,2
PRENTISS,PRENTICE,1
PRESCILLA,PRISCILLA,2
PRESILLA,PRISCILLA,2
PRESLY,PRESLEY,1
PRESS,PRESLEY,1
PRESSLEY,PRESLEY,1
PRESSLY,PRESLEY,1
PRICELLA,PRISCILLA,2
PRICILLA,PRISCILLA,2
PRICY,PRISCILLA,2
PRISCELLA,PRISCILLA,2
PRISCILA,PRISCILLA,2
PRISILLA,PRISCILLA,2
PRISSIE,PRISCILLA,2
PRISSILLA,PRICILLA,2
PRISSY,PRISCILLA,2
PRUCILLA,PRISCILLA,2
PRUDA,PRUDENCE,2
PRUDANCE,PRUDENCE,2
PRUDENCIA,PRUDENCE,2
PRUDIE,PRUDENCE,2
PRUDY,PRUDENCE,2
PURL,PEARL,2
PURLEY,PEARL,1
PURLEY,PEARL,2
QUIN,QUINCY,1
QUINCE,QUINCY,1
QUINTON,QUENTIN,1
RABECA,REBECCA,2
RABECCA,REBECCA,2
RACH,RACHEL,2
RACHAEL,RACHEL,2
RACHAIL,RACHEL,2
RACHAL,RACHEL,2
RACHALL,RACHEL,2
RACHEAL,RACHAEL,2
RACHELL,RACHEL,2
RACHIAL,RACHEL,2
RACHIEL,RACHEL,2
RACHIL,RACHEL,2
RAFAEL,RAPHAEL,1
RAFE,RAPHAEL,1
RAFEL,RAPHAEL,1
RAGENA,REGINA,2
RAGINA,REGINA,2
RALF,RALPH,1
RAMON,RAYMOND,1
RAMOND,RAYMOND,1
RANDAL,RANDALL,1
RANDLE,RANDALL,1
RANDOL,RANDALL,1
RANDOLF,RANDOLPH,1
RAPHAEL,RAFAEL,1
RAPHEL,RAPHAEL,1
RASMUS,ERASMUS,1
RATCHEL,RACHEL,2
RAY,RAYMOND,1
RAYMON,RAYMOND,1
RBBIN,ROBBIN,2
RBERT,ROBERT,1
RBT,ROBERT,1
REACHEL,RACHEL,2
REB,REBECCA,2
REBA,REBECCA,2
REBACA,REBECCA,2
REBACCA,REBECCA,2
REBBECA,REBECCA,2
REBBECCA,REBECCA,2
REBCA,REBECCA,2
REBCCA,REBECCA,2
REBECA,REBECCA,2
REBECAH,REBECCA,2
REBECCAH,REBECCA,2
REBECHA,REBECCA,2
REBECIA,REBECCA,2
REBECK,REBECCA,2
REBECKA,REBECCA,2
REBECKAH,REBECCA,2
REBECKER,REBECCA,2
REBECKEY,REBECCA,2
REBECKY,REBECCA,2
REBEKA,REBECCA,2
REBEKAH,REBECCA,2
RECA,REBECCA,2
REES,REECE,1
REGENA,REGINA,2
REGENIA,REGINA,2
REGINIA,REGINA,2
REID,REED,1
REILY,RILEY,1
REJINA,REGINA,2
RENY,RENA,2
RETTIE,LORETTA,2
REUBAN,REUBEN,1
REUBIN,REUBEN,1
REX,REXFORD,1
RHENA,RENA,2
RHEUBEN,REUBEN,1
RHEUBIN,REUBEN,1
RHINA,RENA,2
RHODIA,RHODA,2
RHODIE,RHODA,2
RHODY,RHODA,2
RHUBEN,REUBEN,1
RHULAA,RHULA,2
RICARD,RICHARD,1
RICD,RICHARD,1
RICH,RICHARD,1
RICHART,RICHARD,1
RICHD,RICHARD,1
RICHERD,RICHARD,1
RICHIE,RICHARD,1
RICK,RICHARD,1
RICKIE,ERICA,2
RILDA,ZERELDA,2
RILLA,AMARILLA,2
RILY,RILEY,1
RINA,RENA,2
RINAH,RENA,2
RITA,MARGARITA,2
RITCHARD,RICHARD,1
RITTA,MARGARITA,2
ROB,ROBERT,1
ROBART,ROBERT,1
ROBB,ROBERT,1
ROBBERT,ROBERT,1
ROBBIE,ROBERT,1
ROBBIN,ROBIN,1
ROBECCA,REBECCA,2
ROBER,ROBERT,1
ROBERT,ROBERTA,2
ROBERTIE,ROBERTA,2
ROBERTS,ROBERT,1
ROBERTX,ROBERT,1
ROBET,ROBERT,1
ROBIE,ROBERT,1
ROBRT,ROBERT,1
ROBT,ROBERT,1
ROBT,ROBERTA,2
ROBY,ROBERT,1
ROBY,ROBERTA,2
ROCKEY,ROXANNA,2
ROCKSEY,ROXANNE,2
ROCKSY,ROXANNE,2
RODA,RHODA,2
RODAH,RHODA,2
RODERIC,RODERICK,1
RODGER,ROGER,1
RODIE,RHODA,2
RODOLPH,RUDOLPH,1
RODOLPHUS,RUDOLPH,1
RODRICK,RODERICK,1
RODY,RHODA,2
ROENA,ROWENA,2
ROGERS,ROGER,1
ROLAN,ROLAND,1
ROLEN,ROLAND,1
ROLLA,ROLAND,1
ROLLAND,ROLAND,1
ROLLEN,ROLAND,1
ROLLEY,ROLAND,1
ROLLIE,ROLAND,1
ROLLY,ROLAND,1
ROMULO,ROMULUS,1
RON,RONALD,1
ROSABEL,ROSABELLE,2
ROSALA,ROSALIA,2
ROSALE,ROSALIE,2
ROSALEE,ROSALIE,2
ROSAMOND,ROSAMUND,2
ROSAN,ROSANNE,2
ROSANA,ROSANNA,2
ROSANAH,ROSANNA,2
ROSANN,ROSANNE,2
ROSANNAH,ROSANNA,2
ROSCO,ROSCOE,1
ROSEA,ROSE,2
ROSEAN,ROSANNE,2
ROSEANA,ROSANNA,2
ROSEANN,ROSANNE,2
ROSEANNA,ROSANNA,2
ROSELA,ROSELLA,2
ROSELIA,ROSELLA,2
ROSELIE,ROSALIE,2
ROSEMOND,ROSAMOND,2
ROSENA,ROSANNA,2
ROSETA,ROSETTA,2
ROSETT,ROSETTE,2
ROSETTIE,ROSETTA,2
ROSEY,ROSANNE,2
ROSIE,ROSE,2
ROSILLA,ROSELLA,2
ROSSA,ROSA,2
ROSSANA,ROSANNA,2
ROSSETTA,ROSETTA,2
ROSSIE,ROSE,2
ROSY,ROSALYN,2
ROWLAND,ROLAND,1
ROXA,ROXANNE,2
ROXAN,ROXANNE,2
ROXANA,ROXANNA,2
ROXANN,ROXANE,2
ROXEY,ROXANNE,2
ROXIE,ROXANNE,2
ROXY,ROXANNE,2
ROYMW,ROY,1
ROZA,ROSA,2
ROZANNA,ROSANNA,2
ROZELLA,ROSELLA,2
ROZENA,ROSANNA,2
ROZETTA,ROSETTA,2
ROZINA,ROSANNE,2
RSE,ROSE,2
RUBAN,REUBEN,1
RUBE,REUBEN,1
RUBECCA,REBECCA,2
RUBEN,REUBEN,1
RUBERT,ROBERT,1
RUBERTA,ROBERTA,2
RUBIE,RUBY,2
RUBIN,REUBEN,1
RUD,RUDOLPH,1
RUDOLF,RUDOLPH,1
RUDOLP,RUDOLPH,1
RUDY,RUDOLPH,1
RUEBEN,REUBEN,1
RUEBIN,REUBEN,1
RUEL,REUEL,1
RUFAS,RUFUS,1
RUFF,RUFUS,1
RUFFUS,RUFUS,1
RUFINAMARY,RUFINA,2
RUPHUS,RUFUS,1
RUS,RUSSELL,1
RUSEL,RUSSELL,1
RUSELL,RUSSELL,1
RUSS,RUSSELL,1
RUSSEL,RUSSELL,1
RUSSLE,RUSSELL,1
RUTHE,RUTH,2
RUTHEY,RUTH,2
RUTHIE,RUTH,2
RUTHY,RUTH,2
RY,ROY,1
RYA,ROYA,1
RYLEY,RILEY,1
S  H,MARSHALL,1
S  S,MARSHALL,1
S  T,MARSHALL,1
SABASTIAN,SEBASTIAN,1
SABILLA,SYBILLA,2
SABRA,SABRINA,2
SABRE,SABRINA,2
SADA,SARAH,2
SADDIE,SADIE,2
SADE,SARAH,2
SADIA,SARAH,2
SADIE,SARAH,2
SADY,SADIE,2
SAFRONA,SOPHRONIA,2
SAFRONIA,SOPHRONIA,2
SAHRA,SARAH,2
SAHRAH,SARAH,2
SAIDIE,SARAH,2
SAINT,ELMO,1
SAINTCLAIR,CLAIR,1
SAINTCLARE,CLAIRE,1
SAINTCORA,CORA,2
SAINTCYR,CYR,1
SAINTDORIA,DOROTHY,2
SAINTELMORE,ELMORE,1
SAINTJEX,JEX,1
SAINTJOHN,JOHN,1
SAINTJOSEPH,JOSEPH,1
SAINTLEWALTE,LEWALTE,1
SAINTLOUIS,LEWIS,1
SAINTMALENIA,MALENIA,2
SAINTPAUL,PAUL,1
SAINTPHILOME,PHILOME,2
SAINTROSE,ROSE,2
SAINTROY,ROY,1
SAL,SALVATORE,1
SAL,SALLIE,2
SALENA,SELENA,2
SALENIA,SALINA,2
SALEY,SALLIE,2
SALIE,SALLY,2
SALINDA,CELINDA,2
SALLA,SARAH,2
SALLE,SARAH,2
SALLEY,Sally,2
SALLIA,SARAH,2
SALLIE,SARAH,2
SALLY,SARAH,2
SALMON,SOLOMON,1
SALOMAN,SOLOMON,1
SALOMON,SOLOMON,1
SALONE,SALOME,2
SALY,SARAH,2
SAM,SAMUEL,1
SAM,SAMANTHA,2
SAMANTH,SAMANTHA,2
SAMANTHIA,SAMANTHA,2
SAMANTHY,SAMANTHA,2
SAMATHA,SAMANTHA,2
SAMD,SAMUEL,1
SAME,SAMUEL,1
SAMEL,SAMUEL,1
SAMEUL,SAMUEL,1
SAMEY,SAMUEL,1
SAMIE,SAMUEL,1
SAMIEL,SAMUEL,1
SAMIL,SAMUEL,1
SAML,SAMUEL,1
SAMMIE,SAMUEL,1
SAMMIE,SAMANTHA,2
SAMMUEL,SAMUEL,1
SAMMY,SAMUEL,1
SAMUAL,SAMUEL,1
SAMUELL,SAMUEL,1
SAMUIL,SAMUEL,1
SAMUL,SAMUEL,1
SAMULE,SAMUEL,1
SAMY,SAMUEL,1
SANDFORD,SANFORD,1
SANDORALAN,SANDORAL,2
SANDY,SANDRA,2
SANTFORD,SANFORD,1
SANUEL,SAMUEL,1
SAPHRONA,SOPHRONIA,2
SAPHRONIA,SOPHRONIA,2
SARA,SARAH,2
SARAAH,SARAH,2
SARAHA,SARAH,2
SARAHEH,SARAH,2
SARELDA,SARILDA,2
SARENA,SERENA,2
SARH,SARAH,2
SARHA,SARAH,2
SARIAH,SARAH,2
SARINA,SERENA,2
SAROAH,SARAH,2
SAROH,SARAH,2
SARRA,SARAH,2
SARRAH,SARAH,2
SARRY,SARAH,2
SARY,SARAH,2
SASAN,SUSAN,2
SATIE,SARAH,2
SAUEL,SAUL,1
SAUSAN,SUSAN,2
SAVANA,SAVANNAH,2
SAVANAH,SAVANNAH,2
SAVANNA,SAVANNAH,2
SCHARLOTT,CHARLOTTE,2
SCHARLOTTE,CHAROLOTTE,2
SCINTHA,CYNTHIA,2
SCOT,SCOTT,1
SCYNTHA,CYNTHIA,2
SCYNTHIA,CYNTHIA,2
SEABRON,SEABORN,1
SEALY,CELIA,2
SEBASTIANM,SEBASTIAN,2
SEBASTIN,SEBASTIAN,1
SEBASTION,SEBASTIAN,1
SEBINA,SABINA,2
SEBORN,SEABORN,1
SEBURN,SEABORN,1
SECELIA,CECILIA,2
SECILIA,CECELIA,2
SEDONIA,SIDONY,2
SEELEY,CELIA,1
SEELY,CELIA,1
SEELY,CELIA,2
SEFRONA,SOPHRONIA,2
SELDEN,SHELDON,1
SELENA,SELINA,2
SELESTA,CELESTE,2
SELESTIA,CELESTE,2
SELESTINE,CELESTE,2
SELEY,CELIA,2
SELIA,CELIA,2
SELIE,CELIA,2
SELINA,SELENA,2
SELINDA,CELINDA,2
SELVESTER,SYLVESTER,1
SELY,CELIA,2
SEMANTHA,SAMANTHA,2
SEMORE,SEYMOUR,1
SEMOUR,SEYMOUR,1
SEPHEN,STEPHEN,1
SEPHRONA,SOPHRONIA,2
SEPHRONIA,SOPHRONIA,2
SERA,SARAH,2
SERAH,SARAH,2
SERAPHINE,SERAPHINA,2
SERELDA,SARILDA,2
SERENE,SERENA,2
SERENIA,SERENA,2
SERILDA,SARILDA,2
SERINA,SERENA,2
SERRAH,SARAH,2
SERRENA,SERENA,2
SERRILDA,SARILDA,2
SEYMOR,SEYMOUR,1
SEYMORE,SEYMOUR,1
SHACK,SHADRACH,1
SHAD,SHADRACH,1
SHADE,SHADRACH,1
SHADRACK,SHADRACH,1
SHADRIC,SHADRACH,1
SHADRICK,SHADRACH,1
SHARLET,CHARLOTTE,2
SHARLETT,CHARLOTTE,2
SHARLOT,CHARLOTTE,2
SHARLOTT,CHARLOTTE,2
SHARLOTTA,CHARLOTTE,2
SHARLOTTE,CHARLOTTE,2
SHED,SHADRACH,1
SHEDRIC,SHADRACH,1
SHEDRICK,SHADRACH,1
SHERIDEN,SHERIDAN,1
SI,SILAS,1
SIBBIE,SYBIL,2
SIBBY,SYBIL,2
SIBILLA,SYBILLA,2
SIBYL,SYBIL,2
SICILY,CICILY,2
SID,SIDNEY,1
SIDNA,SYDNEY,1
SIDNEY,SYDNEY,2
SIDNY,SIDNEY,1
SIDNY,SIDNEY,2
SIGRI,SIGRID,2
SILENA,SELENA,2
SILES,SILAS,1
SILIA,SYLVIA,2
SILINA,SELENA,2
SILLA,PRISCILLA,2
SILLY,CELIA,2
SILUS,SILAS,1
SILVA,SYLVIA,2
SILVESTER,SYLVESTER,1
SILVEY,SYLVIA,2
SILVIA,SYLVIA,2
SILVIE,SYLVIA,2
SILVY,SYLVIA,2
SIM,SIMEON,1
SIMAN,SIMON,1
SIMEN,SIMON,1
SIMION,SIMEON,1
SIMONS,SIMON,1
SIMSON,SIMPSON,1
SIMUEL,SAMUEL,1
SINDY,CYNTHIA,2
SINTHA,CYNTHIA,2
SINTHEY,CYNTHIA,2
SINTHIA,CYNTHIA,2
SINTHY,CYNTHIA,2
SIRAS,CYRUS,1
SIRENA,SERENA,2
SISLEY,CICILY,2
SISS,CECILIA,2
SISSIE,CECILIA,2
SISSY,CECILIA,2
SML,SAMUEL,1
SOBRINA,SABRINA,2
SOFA,SOPHIA,2
SOFIA,SOPHIA,2
SOFIAH,SOPHIA,2
SOFIE,SOPHIE,2
SOFRONA,SOPHRONIA,2
SOFRONIA,SOPHRONIA,2
SOL,SOLOMON,1
SOLAMAN,SOLOMON,1
SOLAMON,SOLOMON,1
SOLAN,SOLON,1
SOLEMAN,SOLOMON,1
SOLEMON,SOLOMON,1
SOLEN,SOLON,1
SOLIMAN,SOLOMON,1
SOLIMON,SOLOMON,1
SOLLOMON,SOLOMON,1
SOLMON,SOLOMON,1
SOLOM,SOLOMON,1
SOLOMA,SALOME,2
SOLOMAN,SOLOMON,1
SOLOME,SALOME,2
SOLOMEN,SOLOMON,1
SOPHA,SOPHIA,2
SOPHE,SOPHIA,2
SOPHEY,SOPHIA,2
SOPHI,SOPHIE,2
SOPHIAH,SOPHIA,2
SOPHIE,SOPHIA,2
SOPHONIA,SOPHRONIA,2
SOPHRINA,SOPHRONIA,2
SOPHRONA,SOPHRONIA,2
SOPHRONIE,SOPHRONIA,2
SOPHRONY,SOPHRONIA,2
SOPHY,SOPHIA,2
SOPIA,SOPHIA,2
SOPIAH,SOPHIA,2
SOPRONIA,SOPHRONIA,2
SORENA,SERENA,2
SOUSAN,SUSAN,2
SOUSEN,SUSAN,2
SOUSIN,SUSAN,2
SOUSON,SUSAN,2
STACEY,STACY,2
STACIA,ANASTASIA,2
STAETNA,AETNA,2
STALFRED,ALFRED,1
STALMO,ALMO,1
STAMAND,AMANDA,2
STAN,STANLEY,1
STANDREW,ANDREW,1
STANGE,ANGE,1
STANGE,ANGELINE,2
STANISLAS,STANISLAUS,1
STANLY,STANLEY,1
STANN,ANNA,2
STANNA,ANNA,1
STANNA,ANNA,2
STANNE,ANNE,2
STANTHONY,ANTHONY,2
STAUBIE,AUBIE,2
STAUGUSTINE,AUGUSTUS,1
STAUGUSTTUS,AUGUSTTUS,1
STAUGUSTUS,AUGUSTA,2
STCAIR,CAIR,1
STCARE,CARE,1
STCATHARINE,CATHERINE,2
STCENA,CENA,2
STCHARLES,CHARLES,2
STCHONG,CHONG,1
STCLAI,CLAI,1
STCLAIN,CLAIN,1
STCLAIOR,CLAIOR,1
STCLAIR,CLAIR,1
STCLAIR,CLAIRE,2
STCLAIRE,CLAIRE,1
STCLAIRE,CLAIRE,2
STCLARA,CLARA,1
STCLARE,CLAIRE,1
STCLARE,CLAIRE,2
STCLARI,CLARI,1
STCLAUD,CLAUDE,1
STCLAUDIE,CLAUDIA,2
STCLEAR,CLEAR,1
STCLOE,CHLOE,2
STCLOUD,CLOUD,1
STCOLOMBE,COLOMBE,1
STCROIX,CROIX,1
STCROWLING,CROWLING,1
STCYR,CYR,1
STDENIS,DENNIS,1
STDENISE,DENISE,1
STDENNIS,DENNIS,2
STDEVON,DEVON,1
STDONIA,DONIA,2
STEAPHEN,STEPHEN,1
STEAVEN,STEPHEN,1
STEGER,EGER,1
STELA,STELLA,2
STELENE,ELENE,2
STELLIA,ELEANOR,2
STELLIE,STELLA,2
STELMA,ELMO,1
STELMA,ALMA,2
STELMO,ELMO,1
STELMON,ELMON,1
STELMOR,ELMER,1
STELMORE,ELMORE,1
STELMS,ELMS,1
STEMPHRANA,EMPHRANA,2
STEPEN,STEPHEN,1
STEPH,STEPHEN,1
STEPHAN,STEPHEN,1
STEPHENS,STEPHEN,1
STEPHIN,STEPHEN,1
STEPHN,STEPHEN,1
STEVAN,STEPHEN,1
STEVE,STEPHEN,1
STEVEN,STEPHEN,1
STEVENS,STEPHEN,1
STEWARD,STEWART,1
STFEUGOS,FEUGOS,1
STFLORIAN,FLORIAN,2
STFRANCES,FRANCES,2
STFRANCIS,FRANK,1
STGEOEGE,GEOEGE,1
STGEORG,GEORGE,1
STGEORGE,GEORGE,1
STGEORGES,GEORGE,1
STGERMAINE,GERMAINE,2
STGERTRUDE,GERTRUDE,2
STHELEN,HELEN,2
STHELENA,HELENA,2
STHELNA,HELNA,2
STIAGO,IAGO,1
STIRENE,IRENE,2
STIRLING,STERLING,1
STISABELLA,ISABELLA,2
STISIDORE,ISADORE,2
STJAGO,JAGO,1
STJAMES,JAMES,1
STJANE,JANE,2
STJAVITE,JAVITE,2
STJEAN,JEAN,1
STJOHN,JOHN,1
STJOHN,JOHANNA,2
STJOSEPH,JOSEPH,1
STJOSEPH,JOSEPHINE,2
STJULIAN,JULIAN,1
STJULIEN,JULIAN,1
STJULIUS,JULIUS,1
STJUSTE,JUSTE,1
STLAURENCE,LAURENCE,2
STLEDGER,LEDGER,1
STLEON,LEON,1
STLEZER,LEZER,1
STLOGGEN,LOGGEN,1
STLORENO,LORENO,2
STLOUIS,LEWIS,1
STLOVELL,LOVELL,1
STLUE,LEWIS,1
STLUKE,LUKE,1
STMAGARETH,MARGARETH,2
STMAGDALENE,MAGDALENE,2
STMARCELLINE,MARCELLINE,2
STMARCUS,MARCUS,1
STMARIA,MARIA,2
STMARIE,MARIE,2
STMARK,MARK,1
STMARTHA,MARTHA,2
STMARTIN,MARTIN,1
STMARTIN,MARTIN,2
STMARY,MARY,1
STMARY,MARY,2
STMARYS,MARYS,2
STMATHEW,MATTHEW,1
STMATHUE,MATHUE,1
STMATTHEW,MATTHEW,1
STMAURICE,MAURICE,1
STOORP,OORP,2
STPATRICK,PATRICK,1
STPAUL,PAUL,1
STPEETER,PETER,1
STPERE,PERE,1
STPEREE,PEREE,1
STPETER,PETER,1
STPIERRE,PIERRE,1
STPIERRE,PIERRE,2
STPROVILLE,PROVILLE,1
STPUBIAN,PUBIAN,1
STSABINE,SABINE,2
STSALVADOR,SALVADOR,1
STSHEPHERD,SHEPHERD,1
STSTEPHEN,STEPHEN,1
STSTEPHEN,STEPHEN,2
STTHERESA,THERESA,2
STTHOMAS,THOMAS,2
STTYLER,TYLER,2
STUARD,STEWART,1
STUART,STEWART,1
STVALERIE,VALERIE,2
STVICTOR,VICTOR,1
STVILES,VILES,1
STVILLE,VILLE,1
STVINCENT,VINCENT,1
STVRAIN,VRAIN,1
STWILLIAM,WILHELMINA,2
SUANNA,SUSANNA,2
SUE,SUSAN,2
SUFFRONA,SOPHRONIA,2
SULIVAN,SULLIVAN,1
SURENA,SERENA,2
SURILDA,SARILDA,2
SURRILDA,SARILDA,2
SUSA,SUSAN,2
SUSANA,SUSANNA,2
SUSANAH,SUSANNA,2
SUSANE,SUSAN,2
SUSANN,SUSAN,2
SUSANNAH,SUSANNA,2
SUSANNE,SUSANN,2
SUSE,SUSAN,2
SUSEN,SUSAN,2
SUSEY,SUSAN,2
SUSIA,SUSAN,2
SUSIAN,SUSAN,2
SUSIE,SUSAN,2
SUSIN,SUSAN,2
SUSON,SUSAN,2
SUSSAN,SUSAN,2
SUSSANA,SUSANNA,2
SUSSANAH,SUSANNA,2
SUSSANNA,SUSANNA,2
SUSSIE,SUSAN,2
SUSUN,SUSAN,2
SUSY,SUSAN,2
SUZAN,SUSAN,2
SUZANA,SUSANNA,2
SUZANNA,SUSANNA,2
SUZEN,SUSAN,2
SUZIE,SUSAN,2
SUZZIE,SUSAN,2
SWEN,SVEN,1
SYBEL,SYBIL,2
SYDNA,SYDNEY,1
SYDNY,SYDNEY,1
SYLLA,PRISCILLA,2
SYLUS,SILAS,1
SYLVA,SYLVIA,2
SYLVANIS,SILVANUS,1
SYLVANUS,SILVANUS,1
SYLVENUS,SILVANUS,1
SYLVESTA,SYLVESTER,1
SYLVESTOR,SYLVESTER,1
SYLVIE,SYLVIA,2
SYLVY,SYLVIA,2
SYMANTHA,SAMANTHA,2
SYMON,SIMON,1
SYNTHA,CYNTHIA,2
SYNTHIA,CYNTHIA,2
SYRENA,SERENA,2
SYRUS,CYRUS,1
SYTHA,CYNTHIA,2
TABATHA,TABITHA,2
TABBIE,TABITHA,2
TABBY,TABITHA,2
TABETHA,TABITHA,2
TAILOR,TAYLOR,1
TALLULA,TALLULAH,2
TALULAH,TALLULAH,2
TAMAR,TAMARA,2
TAMER,TAMERA,2
TAMIE,TAMARA,2
TAMMIE,TAMARA,2
TAMMY,TAMARA,2
TAMOR,TAMARA,2
TAMSEY,TAMARA,2
TAMY,TAMARA,2
TARESA,THERESA,2
TARESSA,THERESA,2
TAYLER,TAYLOR,1
TEBITHA,TABITHA,2
TED,THEODORE,1
TEDDY,THEODORE,1
TELITHA,TALITHA,2
TELULA,TALLULAH,2
TEMPA,TEMPERANCE,2
TEMPE,TEMPERANCE,2
TEMPEY,TEMPERANCE,2
TEMPIE,TEMPERANCE,2
TEMPY,TEMPERANCE,2
TENA,CHRISTINE,2
TENNESEE,TENNESSEE,2
TENNESSE,TENNESSEE,2
TEODORA,THEODORA,2
TEODORE,THEODORE,1
TEODORO,THEODORO,1
TEOFILA,THEOPHILA,2
TERANCE,TERRENCE,1
TERASA,THERESA,2
TERESA,THERESA,2
TERESE,THERESA,2
TERESIA,THERESA,2
TERESSA,THERESA,2
TERISA,THERESA,2
TERISSA,THERESA,2
TERRACE,THERESA,2
TERRANCE,TERENCE,1
TERRENCE,TERENCE,1
TERRESA,THERESA,2
TERRESSA,THERESA,2
TERRISSA,THERESA,2
TERRY,TERENCE,1
TERRY,THERESA,2
TESSA,THERESA,2
TESSIE,THERESA,2
TH,THOMAS,1
THAD,THADDEUS,1
THADDIUS,THADDEUS,1
THADEOUS,THADDEUS,1
THADEUS,THADDEUS,1
THADIOUS,THADDEUS,1
THADIUS,THADDEUS,1
THADUS,THADDEUS,1
THANKFULL,THANKFUL,2
THAS,THOMAS,1
THE,THEODORE,1
THEADOCIA,THEODOSIA,2
THEADOR,THEODORE,1
THEADORA,THEODORA,2
THEADORE,THEODORE,1
THEADOSIA,THEODOSIA,2
THEDORA,THEODORA,2
THEDORE,THEODORE,1
THEO,THEODORE,1
THEO,THEODORA,2
THEOBOLD,THEOBALD,1
THEOD,THEODORE,1
THEODOCIA,THEODOSIUS,2
THEODOR,THEODORE,1
THEODORA,THEODORE,1
THEODORIA,THEODORA,2
THEOPHELUS,THEOPHILUS,1
THEOPHILE,THEOPHILUS,1
THEOPHOLIS,THEOPHILUS,1
THEOPHOLUS,THEOPHILUS,1
THEOPILUS,THEOPHILUS,1
THEOPOLIS,THEOPHILUS,1
THEORDORE,THEODORE,1
THERASA,THERESA,2
THERESE,THERESA,2
THERESEA,THERESA,2
THERESIA,THERESA,2
THERESSA,THERESA,2
THERISA,THERESA,2
THERISSA,THERESA,2
THERRESSA,THERESA,2
THERSA,THERESA,2
THERSIA,THERESA,2
THILDA,MATILDA,2
THIMOTHY,TIMOTHY,1
THIMOTY,TIMOTHY,1
THIRZA,TIRZAH,2
THMAS,THOMAS,1
THO,THOMAS,1
THODORE,THEODORE,1
THOM,THOMAS,1
THOMA,THOMAS,1
THOMES,THOMAS,1
THOMIS,THOMAS,1
THOMMAS,THOMAS,1
THOMOS,THOMAS,1
THOMS,THOMAS,1
THONAS,THOMAS,1
THORTON,THORNTON,1
THOS,THOMAS,1
THREASA,THERESA,2
THRESA,THERESA,2
THRESE,THERESA,2
THRESIA,THERESA,2
THRESSA,THERESA,2
THS,THOMAS,1
TIBITHA,TABITHA,2
TILDA,MATILDA,2
TILDIA,MATILDA,2
TILDIE,MATILDA,2
TILDY,MATILDA,2
TILGHMAN,TILLMAN,1
TILITHA,TALITHA,2
TILLEY,MATILDA,2
TILLIA,PRISCILLA,2
TILLIE,MATILDA,2
TILLY,MATILDA,2
TILMAN,TILLMAN,1
TILMON,TILLMAN,1
TIM,TIMOTHY,1
TIMATHY,TIMOTHY,1
TIMITHY,TIMOTHY,1
TIMOTHEY,TIMOTHY,1
TINA,CHRISTINE,2
TINNIE,CHRISTINA,2
TINY,CHRISTINE,2
TIRZA,TIRZAH,2
TISH,LETITIA,2
TISHA,LETITIA,2
TISHIE,LETITIA,2
TOBE,TOBIAS,1
TOBIE,TOBIAS,1
TOBITHA,TABITHA,2
TOBY,TOBIAS,1
TOLITHA,TALITHA,2
TOM,THOMAS,1
TOMAS,THOMAS,1
TOMASA,THOMASINA,2
TOMEY,THOMAS,1
TOMIE,THOMAS,1
TOMMAS,THOMAS,1
TOMMIE,THOMAS,1
TOMMY,THOMAS,1
TOMPSON,THOMPSON,1
TOMY,THOMAS,1
TONE,ANTHONY,1
TONEY,ANTHONY,1
TONI,ANTHONY,1
TONIE,ANTHONY,1
TONY,ANTHONY,1
TONY,ANTHONY,2
TRACEY,TRACY,1
TRACIE,THERESA,2
TREACY,THERESA,2
TREASA,THERESA,2
TREASY,TRACY,2
TRECY,THERESA,2
TRENA,CATHERINE,2
TRESA,THERESA,2
TRESIA,THERESA,2
TRESSA,THERESA,2
TRESSIA,THERESA,2
TRINA,CATHERINE,2
TRUDY,GERTRUDE,2
TULULA,TALLULAH,2
UBALDINAMAR,UBALDINA,2
UDORA,EUDORA,2
UGENE,EUGENE,1
UGENIA,EUGENIA,2
ULALIA,EULALIA,2
ULISES,ULYSSES,1
ULISIS,ULYSSES,1
ULISSES,ULYSSES,1
ULISSIS,ULYSSES,1
ULISSUS,ULYSSES,1
ULISUS,ULYSSES,1
ULRICK,ULRICH,1
ULYSES,ULYSSES,1
ULYSESS,ULYSSES,1
ULYSIS,ULYSSES,1
ULYSSE,ULYSSES,1
ULYSSIS,ULYSSES,1
ULYSSUS,ULYSSES,1
ULYSUS,ULYSSES,1
UMPHREY,HUMPHREY,1
UNICE,EUNICE,2
UNIS,EUNICE,2
UNUS,EUNICE,2
URANA,URANIA,2
URANIE,URANIA,2
URIAL,URIAH,1
URIAS,URIAH,1
URSALA,URSULA,2
URSULE,URSULA,2
V  L,MARSHALL,1
VAGINIA,VIRGINIA,2
VAL,VALENTIN,1
VALANTINE,VALENTINE,1
VALENTIN,VALENTINE,1
VALINTINE,VALENTINE,1
VALLIE,VALERIE,2
VERGENIA,VIRGINIA,2
VERGIE,VIRGINIA,2
VERGIL,VIRGIL,1
VERGINA,VIRGINIA,2
VERGINIA,VIRGINIA,2
VERN,VERNON,1
VERNIE,VERNA,2
VERONIKA,VERONICA,2
VIC,VICTORIA,2
VICENTE,VINCENT,1
VICENZAMARY,VICENZA,2
VICK,VICTORIA,2
VICK,VICTOR,1
VICTOIRE,VICTORY,2
VICTORA,VICTORIA,2
VICTORIE,VICTORY,2
VICTORIN,VICTOR,1
VIGINIA,VIRGINIA,2
VILET,VIOLET,2
VINCE,VINCENT,1
VINCEN,VINCENT,1
VINCENZ,VINCENT,1
VINIE,VIENNA,2
VIOLETT,VIOLET,2
VIOLETTA,VIOLET,2
VIOLETTE,VIOLET,2
VIRGA,VIRGINIA,2
VIRGAL,VIRGIL,1
VIRGEL,VIRGIL,1
VIRGENIA,VIRGINIA,2
VIRGIA,VIRGINIA,2
VIRGIE,VIRGINIA,2
VIRGIE,VIRGIL,1
VIRGIN,VIRGINIA,2
VIRGINA,VIRGINIA,2
VIRGINIE,VIRGINIA,2
VIRGINNIA,VIRGINIA,2
VIRGJANE,JANE,2
VOLENTINE,VALENTINE,1
WADDY,WADE,1
WAID,WADE,1
WALACE,WALLACE,1
WALICE,WALLACE,1
WALLAS,WALLACE,1
WALLES,WALLACE,1
WALLEY,WALTER,1
WALLICE,WALLACE,1
WALLIE,WALLACE,1
WALLIS,WALLACE,1
WALLY,WALTER,1
WALT,WALTER,1
WALTAR,WALTER,1
WALTERREV,WALTER,1
WALTERS,WALTER,1
WALTHER,WALTER,1
WALTOR,WALTER,1
WANE,WAYNE,1
WAREN,WARREN,1
WARRAN,WARREN,1
WARRIN,WARREN,1
WASH,WASHINGTON,1
WASHING,WASHINGTON,1
WASHS,WASHINGTON,1
WEB,WEBSTER,1
WEBB,WEBSTER,1
WELCOM,WELCOME,1
WELDONM,WELDON,1
WELHELMINA,WILHELMINA,2
WELLINGTONS,WELLINGTON,1
WELTHY,WEALTHY,2
WENCIL,WENZEL,1
WES,WESLEY,1
WESLEYJR,WESLEY,1
WESLIE,WESLEY,1
WESLY,WESLEY,1
WESS,WESLEY,1
WESSLEY,WESLEY,1
WESSLY,WESLEY,1
WESTLEY,WESLEY,1
WESTLY,WESLEY,1
WIATT,WYATT,1
WIL,WILLIAM,1
WILAMINA,WILHELMINA,2
WILARD,WILLARD,1
WILBER,WILBUR,1
WILBOR,WILBUR,1
WILBURN,WILBUR,1
WILBURT,WILBUR,1
WILEMINA,WILHELMINA,2
WILH,WILLIAM,1
WILHAM,WILLIAM,1
WILHELM,WILHELMINA,2
WILHELMENA,WILHELMINA,2
WILHELMENIA,WILHELMINA,2
WILHELMIA,WILHELMINA,2
WILHELMIN,WILHELMINA,2
WILHELMINE,WILHELMINA,2
WILHELMINIA,WILHELMINA,2
WILHEMENA,WILHELMINA,2
WILHEMINA,WILHELMINA,2
WILHEMINE,WILHELMINA,2
WILIAM,WILLIAM,1
WILIE,WILLIAM,1
WILIS,WILLIS,1
WILKIE,WILKINS,1
WILL,WILLIAM,1
WILL,WILHELMINA,2
WILLA,WILHELMINA,2
WILLA,WILLIAM,1
WILLAIM,WILLIAM,1
WILLAM,WILLIAM,1
WILLAMENA,WILHELMINA,2
WILLAMINA,WILHELMINA,2
WILLAST,WILHELMINA,2
WILLBER,WILBUR,1
WILLE,WILLIAM,1
WILLEM,WILLIAM,1
WILLEMINA,WILHELMINA,2
WILLES,WILLIS,1
WILLEY,WILHELMINA,2
WILLHELM,WILHELM,1
WILLHELMINA,WILHELMINA,2
WILLI,WILLIAM,1
WILLIA,WILLIAM,1
WILLIAM,WILHELMINA,2
WILLIAMINA,WILHELMINA,2
WILLIAMS,WILLIAM,1
WILLIAN,WILLIAM,1
WILLIARD,WILLARD,1
WILLICE,WILLIS,1
WILLIE,WILLIAM,1
WILLIE,WILHELMINA,2
WILLILAM,WILLIAM,1
WILLIM,WILLIAM,1
WILLIMENA,WILHELMINA,2
WILLIMINA,WILHELMINA,2
WILLIUM,WILLIAM,1
WILLLIAM,WILLIAM,1
WILLM,WILLIAM,1
WILLMER,WILMER,1
WILLMINA,WILHELMINA,2
WILLSON,WILSON,1
WILLY,WILLIAM,1
WILLY,WILHELMINA,2
WILM,WILLIAM,1
WILMA,WILHELMINA,2
WILMENA,WILHELMINA,2
WILMINA,WILHELMINA,2
WILY,WILLIAM,1
WINAFORD,WINIFRED,2
WINAFRED,WINIFRED,2
WINCY,WINIFRED,2
WINDFIELD,WINFIELD,1
WINEFORD,WINIFRED,2
WINEFRED,WINIFRED,2
WINEY,WINIFRED,2
WINFORD,WINIFRED,2
WINFRED,WINIFRED,1
WINFRED,WINIFRED,2
WINIE,WINIFRED,2
WINIFORD,WINIFRED,2
WINNA,WINIFRED,2
WINNE,WINIFRED,2
WINNEFORD,WINIFRED,2
WINNEFRED,WINIFRED,2
WINNEY,WINIFRED,2
WINNIE,WINIFRED,2
WINNIE,WINIFRED,1
WINNIEFRED,WINIFRED,2
WINNIFORD,WINIFRED,2
WINNIFRED,WINIFRED,2
WINNY,WINIFRED,2
WISLEY,WESLEY,1
WLM,WILLIAM,1
WM,WILLIAM,1
WM,WILLIAM,2
WOODIE,WOODROW,1
WOODRUFF,MARSHALL,1
WOODY,WOODROW,1
WOOHENG,WOO,1
WORREN,WARREN,1
WYAT,WYATT,1
WYETT,WYATT,1
WYLEY,WILEY,1
WYLY,WILEY,1
XAVER,XAVIER,1
YECHUNG,YE,1
YSABEL,ISABEL,2
ZAC,ZACHARIAH,1
ZACARIAH,ZACHARY,1
ZACH,ZACHARIAH,1
ZACHARIA,ZACHARY,1
ZACHARIAH,ZACHARY,1
ZACHARIAS,ZACHARY,1
ZACHERIAH,ZACHARY,1
ZACHRIAH,ZACHARY,1
ZACK,ZACHARY,1
ZACKARIAH,ZACHARY,1
ZADIE,SARAH,2
ZADOC,ZADOK,1
ZADOCK,ZADOK,1
ZARILDA,ZERELDA,2
ZEB,ZEBADIAH,1
ZEBEDEE,ZEBEDIAH,1
ZED,ZEDEKIAH,1
ZEKE,EZEKIEL,1
ZELIA,CELIA,2
ZELPHA,ZILPAH,2
ZELPHIA,ZILPAH,2
ZENAS,ZENO,1
ZENOS,ZENO,1
ZEPH,ZEPHANIAH,1
ZEPHENIAH,ZEPHANIAH,1
ZERILDA,ZERELDA,2
ZILLA,ZILLAH,2
ZILLAH,ZILPAH,2
ZILPHA,ZILPAH,2
ZILPHIA,ZILPAH,2
ZILPHY,ZILPAH,2
ZOA,ZOE,2
ZYLPHA,ZILPAH,2
ZYLPHIA,ZILPAH,2
